item_id,split,source_type,doc_id,source_path,locator,report_date,discipline,source_span,event_type,stated_date,event_key,truth_date,match_label,difficulty,true_activity_id,candidate_activity_ids,unmatched_type,new_work_key,suggested_parent_wbs,granularity,expected_band,expected_outcome,hard_cases
IT-0001,dev,dpr,DPR-2026-09-01-civil,reports/dpr_2026-09-01_civil.txt,line=9;index=0,2026-09-01,civil,RCC T-403 fdn compl.,finish,2026-09-01,,,unmatched,na,,,unknown_reference,,,same,low,unmatched,unknown_reference
IT-0002,dev,dpr,DPR-2026-09-01-civil,reports/dpr_2026-09-01_civil.txt,line=10;index=0,2026-09-01,civil,Foundation works in Area-3 going on,progress,2026-09-01,,,ambiguous,hard,,CIV-A3-P102A-BKF;CIV-A3-P102B-BKF,,,,coarser,medium,review,granularity_coarser
IT-0003,dev,dpr,DPR-2026-09-01-piping,reports/dpr_2026-09-01_piping.txt,line=3;index=0,2026-09-01,piping,"erection of 8"" fire water ring main over",finish,2026-09-01,EV-0014,2026-09-01,matched,hard,PIP-A4-1407-ERC,PIP-A4-1407-ERC,,,,same,medium,review,multi_item_line;partial_description
IT-0004,dev,dpr,DPR-2026-09-01-piping,reports/dpr_2026-09-01_piping.txt,line=4;index=0,2026-09-01,piping,Joint welding and radiography line 1407 stopped – spools not delivered from fab shop,hold,2026-09-01,EV-0015,2026-09-01,matched,medium,PIP-A4-1407-WLD,PIP-A4-1407-WLD,,,,same,high,auto_apply,terminology_variant
IT-0005,dev,dpr,DPR-2026-09-01-piping,reports/dpr_2026-09-01_piping.txt,line=2;index=0,2026-09-01,piping,"Welding & NDT of line 8""-P-1217-A1A in progress today",progress,2026-09-01,EV-0012,2026-09-01,matched,easy,PIP-A3-1217-WLD,PIP-A3-1217-WLD,,,,same,high,auto_apply,
IT-0006,dev,dpr,DPR-2026-09-01-piping,reports/dpr_2026-09-01_piping.txt,line=3;index=1,2026-09-01,piping,Fixing of shoes & guides at rack 1 going on,progress,2026-09-01,EV-0011,2026-09-01,matched,medium,PIP-A1-PS1-PSE,PIP-A1-PS1-PSE,,,,same,high,auto_apply,multi_item_line;terminology_variant
IT-0007,dev,dpr,DPR-2026-09-01-mechanical,reports/dpr_2026-09-01_mechanical.txt,line=9;index=0,2026-09-01,rotating_eq,P-201B pump positoined on base compl. today,finish,2026-09-01,EV-0017,2026-09-01,matched,medium,ROT-A4-P201B-SET,ROT-A4-P201B-SET,,,,same,high,auto_apply,typo
IT-0008,dev,dpr,DPR-2026-09-01-electrical,reports/dpr_2026-09-01_electrical.txt,line=2;index=1,2026-09-01,electrical,MCC-1 outgoing feeders work started from 10 am,start,2026-09-01,EV-0002,2026-09-01,ambiguous,hard,ELE-A2-CMCC1-CBL,ELE-A2-CMCC1-CBL;ELE-A2-CMCC1-TRM,,,,same,medium,review,multi_item_line;type_ambiguous
IT-0009,dev,dpr,DPR-2026-09-01-electrical,reports/dpr_2026-09-01_electrical.txt,line=2;index=0,2026-09-01,electrical,Electrical works A2 ongoing,progress,2026-09-01,,,ambiguous,hard,,ELE-A2-CMCC1-CBL;ELE-A2-CMCC2-CBL;ELE-A2-ERT2-ERT,,,,coarser,medium,review,granularity_coarser;multi_item_line
IT-0010,dev,dpr,DPR-2026-09-01-instrumentation,reports/dpr_2026-09-01_instrumentation.txt,line=3;index=0,2026-09-01,instrumentation,tubing lt 1103 start at 8.30 am today,start,2026-09-01,EV-0006,2026-09-01,matched,medium,INS-A1-LT1103-TUB,INS-A1-LT1103-TUB,,,,same,high,auto_apply,abbreviation;multi_item_line
IT-0011,dev,dpr,DPR-2026-09-01-instrumentation,reports/dpr_2026-09-01_instrumentation.txt,line=3;index=1,2026-09-01,instrumentation,pt 1104 instln compl.,finish,2026-09-01,EV-0007,2026-09-01,matched,medium,INS-A1-PT1104-INS,INS-A1-PT1104-INS,,,,same,high,auto_apply,abbreviation;duplicate_cross_source;multi_item_line
IT-0012,dev,dpr,DPR-2026-09-01-instrumentation,reports/dpr_2026-09-01_instrumentation.txt,line=4;index=0,2026-09-01,instrumentation,mounting junction box 304 on support taken up,start,2026-09-01,EV-0008,2026-09-01,matched,medium,INS-A3-JB304-INS,INS-A3-JB304-INS,,,,same,high,auto_apply,terminology_variant
IT-0013,dev,dpr,DPR-2026-09-01-instrumentation,reports/dpr_2026-09-01_instrumentation.txt,line=2;index=0,2026-09-01,instrumentation,lt4011 instln compl.,finish,2026-09-01,EV-0010,2026-09-01,matched,medium,INS-A4-LT4011-INS,INS-A4-LT4011-INS,,,,same,high,auto_apply,abbreviation;duplicate_cross_source
IT-0014,dev,dpr,DPR-2026-09-01-instrumentation,reports/dpr_2026-09-01_instrumentation.txt,line=3;index=2,2026-09-01,instrumentation,instrument installation a4 in progress,progress,2026-09-01,,,ambiguous,hard,,INS-A4-LT4011-INS;INS-A4-JB401-INS,,,,coarser,medium,review,granularity_coarser;multi_item_line
IT-0015,dev,dpr,DPR-2026-09-01-hse,reports/dpr_2026-09-01_hse.txt,line=2;index=0,2026-09-01,hse,GD302 completed,finish,2026-09-01,EV-0005,2026-09-01,matched,hard,HSE-A3-GD302-INS,HSE-A3-GD302-INS,,,,same,medium,review,tag_only
IT-0016,dev,dpr,DPR-2026-09-02-civil,reports/dpr_2026-09-02_civil.txt,line=9;index=0,2026-09-02,civil,Surface drain constructino area 4 strtd yday,start,2026-09-01,EV-0001,2026-09-01,matched,medium,CIV-A4-SWD4-SWD,CIV-A4-SWD4-SWD,,,,same,high,auto_apply,late_report;relative_date;typo
IT-0017,test,dpr,DPR-2026-09-02-civil,reports/dpr_2026-09-02_civil.txt,line=11;index=0,2026-09-02,civil,Reinforcement & shuttering for foundation V-103 commenced,start,2026-09-02,EV-0018,2026-09-02,matched,easy,CIV-A1-V103-REB,CIV-A1-V103-REB,,,,same,high,auto_apply,
IT-0018,test,dpr,DPR-2026-09-02-civil,reports/dpr_2026-09-02_civil.txt,line=13;index=0,2026-09-02,civil,cable trench walls taken up at 09:30,start,2026-09-02,EV-0019,2026-09-02,ambiguous,hard,CIV-A2-CTN-WAL,CIV-A2-CTN-WAL;CIV-A2-CTS-WAL,,,,same,medium,review,partial_description
IT-0019,test,dpr,DPR-2026-09-02-civil,reports/dpr_2026-09-02_civil.txt,line=16;index=0,2026-09-02,civil,RCC footings & pedestals for pipe rack PR-3 on hold due to heavy rain,hold,2026-09-02,EV-0022,2026-09-02,matched,easy,CIV-A3-PR3-PED,CIV-A3-PR3-PED,,,,same,high,auto_apply,
IT-0020,test,dpr,DPR-2026-09-02-civil,reports/dpr_2026-09-02_civil.txt,line=10;index=0,2026-09-02,civil,Backfill P-102B WIP,progress,2026-09-02,EV-0021,2026-09-02,matched,medium,CIV-A3-P102B-BKF,CIV-A3-P102B-BKF,,,,same,high,auto_apply,abbreviation
IT-0021,test,dpr,DPR-2026-09-02-civil,reports/dpr_2026-09-02_civil.txt,line=12;index=0,2026-09-02,civil,Foundation works in Area-3 in progress,progress,2026-09-02,,,ambiguous,hard,,CIV-A3-P102A-BKF;CIV-A3-P102B-BKF,,,,coarser,medium,review,granularity_coarser
IT-0022,test,dpr,DPR-2026-09-02-piping,reports/dpr_2026-09-02_piping.txt,line=10;index=0,2026-09-02,piping,"Welding & NDT of line 6""-W-1105-A1A commenced",start,2026-09-02,EV-0033,2026-09-02,matched,easy,PIP-A1-1105-WLD,PIP-A1-1105-WLD,,,,same,high,auto_apply,
IT-0023,test,dpr,DPR-2026-09-02-piping,reports/dpr_2026-09-02_piping.txt,line=9;index=0,2026-09-02,piping,PS erctn PR-4 done,finish,2026-09-02,EV-0036,2026-09-02,matched,medium,PIP-A4-PS4-PSE,PIP-A4-PS4-PSE,,,,same,high,auto_apply,abbreviation
IT-0024,test,dpr,DPR-2026-09-02-piping,reports/dpr_2026-09-02_piping.txt,line=11;index=0,2026-09-02,piping,Spool erection 16 inch line 1211 – 1 spool erected today,progress,2026-09-02,EV-0034,2026-09-02,matched,medium,PIP-A3-1211-ERC,PIP-A3-1211-ERC,,,,finer,high,auto_apply,duplicate_cross_source;granularity_finer;terminology_variant
IT-0025,test,dpr,DPR-2026-09-02-mechanical,reports/dpr_2026-09-02_mechanical.txt,line=9;index=1,2026-09-02,rotating_eq,Setting of pump P-102A on foundation completed today,finish,2026-09-02,EV-0038,2026-09-02,matched,easy,ROT-A3-P102A-SET,ROT-A3-P102A-SET,,,,same,high,auto_apply,multi_item_line
IT-0026,test,dpr,DPR-2026-09-02-mechanical,reports/dpr_2026-09-02_mechanical.txt,line=9;index=0,2026-09-02,static_eq,Equipment erection work Area-4 in progress,progress,2026-09-02,,,ambiguous,hard,,SEQ-A4-T401-SH1;SEQ-A4-T402-SH1,,,,coarser,medium,review,granularity_coarser;multi_item_line
IT-0027,test,dpr,DPR-2026-09-02-electrical,reports/dpr_2026-09-02_electrical.txt,line=12;index=0,2026-09-02,electrical,Termn MCC-2 start,start,2026-09-02,EV-0025,2026-09-02,matched,medium,ELE-A2-CMCC2-TRM,ELE-A2-CMCC2-TRM,,,,same,high,auto_apply,abbreviation
IT-0028,test,dpr,DPR-2026-09-02-electrical,reports/dpr_2026-09-02_electrical.txt,line=10;index=0,2026-09-02,electrical,Cable tray erection in Area-1 in progress,progress,2026-09-02,EV-0023,2026-09-02,matched,easy,ELE-A1-TRY1-TRY,ELE-A1-TRY1-TRY,,,,same,high,auto_apply,
IT-0029,test,dpr,DPR-2026-09-02-electrical,reports/dpr_2026-09-02_electrical.txt,line=11;index=0,2026-09-02,electrical,temp DB for welding m/c A3 start,start,2026-09-02,,,unmatched,na,,,new_activity,NW-08,CGS-EXP-01.A3.ELE,same,low,unmatched,new_activity
IT-0030,test,dpr,DPR-2026-09-02-electrical,reports/dpr_2026-09-02_electrical.txt,line=9;index=0,2026-09-02,electrical,Cable laying in Area-2 ongoing,progress,2026-09-02,,,ambiguous,hard,,ELE-A2-CMCC1-CBL;ELE-A2-CMCC2-CBL;ELE-A2-CMCC2-TRM;ELE-A2-ERT2-ERT,,,,coarser,medium,review,granularity_coarser
IT-0031,dev,dpr,DPR-2026-09-02-instrumentation,reports/dpr_2026-09-02_instrumentation.txt,line=9;index=0,2026-09-02,instrumentation,Installation of junction box JB-401 commenced yesterday,start,2026-09-01,EV-0009,2026-09-01,matched,easy,INS-A4-JB401-INS,INS-A4-JB401-INS,,,,same,high,auto_apply,late_report;multi_item_line;relative_date
IT-0032,test,dpr,DPR-2026-09-02-instrumentation,reports/dpr_2026-09-02_instrumentation.txt,line=9;index=1,2026-09-02,instrumentation,Mounting junction box 304 on support finished,finish,2026-09-02,EV-0031,2026-09-02,matched,medium,INS-A3-JB304-INS,INS-A3-JB304-INS,,,,same,high,auto_apply,multi_item_line;terminology_variant
IT-0033,test,dpr,DPR-2026-09-02-instrumentation,reports/dpr_2026-09-02_instrumentation.txt,line=12;index=0,2026-09-02,instrumentation,JB-401 completed,finish,2026-09-02,EV-0032,2026-09-02,matched,hard,INS-A4-JB401-INS,INS-A4-JB401-INS,,,,same,medium,review,tag_only
IT-0034,test,dpr,DPR-2026-09-02-instrumentation,reports/dpr_2026-09-02_instrumentation.txt,line=10;index=0,2026-09-02,instrumentation,IT LT1103 WIP,progress,2026-09-02,EV-0028,2026-09-02,matched,medium,INS-A1-LT1103-TUB,INS-A1-LT1103-TUB,,,,same,high,auto_apply,abbreviation
IT-0035,test,dpr,DPR-2026-09-02-instrumentation,reports/dpr_2026-09-02_instrumentation.txt,line=11;index=0,2026-09-02,instrumentation,DCS cab. instln at area 3 ongoing,progress,2026-09-02,EV-0029,2026-09-02,matched,hard,INS-A2-DCS-DCS,INS-A2-DCS-DCS,,,,same,medium,review,wrong_area
IT-0036,test,dpr,DPR-2026-09-03-civil,reports/dpr_2026-09-03_civil.txt,line=3;index=2,2026-09-03,civil,Soil filling & compaction around P-102A fdn completed yesterday,finish,2026-09-02,EV-0020,2026-09-02,matched,medium,CIV-A3-P102A-BKF,CIV-A3-P102A-BKF,,,,same,high,auto_apply,late_report;multi_item_line;relative_date;terminology_variant
IT-0037,dev,dpr,DPR-2026-09-03-civil,reports/dpr_2026-09-03_civil.txt,line=2;index=0,2026-09-03,civil,B/F P-102B fdn in Area-4 over,finish,2026-09-03,EV-0040,2026-09-03,matched,hard,CIV-A3-P102B-BKF,CIV-A3-P102B-BKF,,,,same,medium,review,wrong_area
IT-0038,dev,dpr,DPR-2026-09-03-civil,reports/dpr_2026-09-03_civil.txt,line=4;index=0,2026-09-03,civil,Surface drain construction area 3 taken up,start,2026-09-03,EV-0041,2026-09-03,matched,medium,CIV-A3-SWD3-SWD,CIV-A3-SWD3-SWD,,,,same,high,auto_apply,terminology_variant
IT-0039,dev,dpr,DPR-2026-09-03-civil,reports/dpr_2026-09-03_civil.txt,line=3;index=1,2026-09-03,civil,shuttering for gas scrubber foundation ongoing,progress,2026-09-03,EV-0039,2026-09-03,matched,hard,CIV-A1-V103-REB,CIV-A1-V103-REB,,,,same,medium,review,multi_item_line;partial_description
IT-0040,dev,dpr,DPR-2026-09-03-civil,reports/dpr_2026-09-03_civil.txt,line=3;index=0,2026-09-03,civil,Re-excavation of T-401 drain pit after collapse started,start,2026-09-03,,,unmatched,na,,,new_activity,NW-13,CGS-EXP-01.A4.CIV,same,low,unmatched,multi_item_line;new_activity
IT-0041,dev,dpr,DPR-2026-09-03-piping,reports/dpr_2026-09-03_piping.txt,line=10;index=0,2026-09-03,piping,"welding of 16"" pump discharge line taken up",start,2026-09-03,EV-0051,2026-09-03,ambiguous,hard,PIP-A3-1211-WLD,PIP-A3-1207-WLD;PIP-A3-1211-WLD,,,,same,medium,review,partial_description
IT-0042,dev,dpr,DPR-2026-09-03-piping,reports/dpr_2026-09-03_piping.txt,line=14;index=0,2026-09-03,piping,"Wldg/NDT L-1217 held up, bolts short supply",hold,2026-09-03,EV-0055,2026-09-03,matched,medium,PIP-A3-1217-WLD,PIP-A3-1217-WLD,,,,same,high,auto_apply,abbreviation
IT-0043,dev,dpr,DPR-2026-09-03-piping,reports/dpr_2026-09-03_piping.txt,line=11;index=1,2026-09-03,piping,"Piping erection line 10""-W-1215-A1A – 2 spools erected today",progress,2026-09-03,EV-0053,2026-09-03,matched,easy,PIP-A3-1215-ERC,PIP-A3-1215-ERC,,,,finer,high,auto_apply,duplicate_cross_source;granularity_finer;multi_item_line
IT-0044,dev,dpr,DPR-2026-09-03-piping,reports/dpr_2026-09-03_piping.txt,line=9;index=0,2026-09-03,piping,"Piping eretcion line 8""-P-1217-A1A – 1 spool erected",progress,2026-09-03,EV-0054,2026-09-03,matched,medium,PIP-A3-1217-ERC,PIP-A3-1217-ERC,,,,finer,high,auto_apply,duplicate_cross_source;granularity_finer;typo
IT-0045,dev,dpr,DPR-2026-09-03-piping,reports/dpr_2026-09-03_piping.txt,line=11;index=0,2026-09-03,piping,"Welding & NDT of line 8""-P-1109-A1A started",start,2026-09-03,,,unmatched,na,,,unknown_reference,,,same,low,unmatched,multi_item_line;unknown_reference
IT-0046,dev,dpr,DPR-2026-09-03-mechanical,reports/dpr_2026-09-03_mechanical.txt,line=3;index=0,2026-09-03,rotating_eq,K-301 grtg strtd from 10 am,start,2026-09-03,EV-0058,2026-09-03,matched,medium,ROT-A1-K301-GRT,ROT-A1-K301-GRT,,,,same,high,auto_apply,multi_item_line;typo
IT-0047,dev,dpr,DPR-2026-09-03-mechanical,reports/dpr_2026-09-03_mechanical.txt,line=2;index=1,2026-09-03,rotating_eq,P-101A work completed,finish,2026-09-03,EV-0060,2026-09-03,ambiguous,hard,ROT-A3-P101A-SET,ROT-A3-P101A-SET;ROT-A3-P101A-GRT,,,,same,medium,review,multi_item_line;type_ambiguous
IT-0048,dev,dpr,DPR-2026-09-03-mechanical,reports/dpr_2026-09-03_mechanical.txt,line=2;index=0,2026-09-03,static_eq,Shell crs 1-3 T401 (A3) – ring 2 erected,progress,2026-09-03,EV-0061,2026-09-03,matched,hard,SEQ-A4-T401-SH1,SEQ-A4-T401-SH1,,,,finer,medium,review,granularity_finer;multi_item_line;wrong_area
IT-0049,dev,dpr,DPR-2026-09-03-mechanical,reports/dpr_2026-09-03_mechanical.txt,line=3;index=1,2026-09-03,rotating_eq,K-301 extra shims strtd today,start,2026-09-03,,,unmatched,na,,,new_activity,NW-07,CGS-EXP-01.A1.ROT,same,low,unmatched,multi_item_line;new_activity
IT-0050,dev,dpr,DPR-2026-09-03-electrical,reports/dpr_2026-09-03_electrical.txt,line=9;index=0,2026-09-03,electrical,cable tray erection completed,finish,2026-09-03,EV-0042,2026-09-03,ambiguous,hard,ELE-A1-TRY1-TRY,ELE-A1-TRY1-TRY;ELE-A2-TRY2-TRY;ELE-A3-TRY3-TRY;ELE-A4-TRY4-TRY,,,,same,medium,review,partial_description
IT-0051,dev,dpr,DPR-2026-09-03-electrical,reports/dpr_2026-09-03_electrical.txt,line=11;index=0,2026-09-03,electrical,Cable pulling for MCC-1 outgoing feeders – 135 m pulled,progress,2026-09-03,EV-0043,2026-09-03,matched,easy,ELE-A2-CMCC1-CBL,ELE-A2-CMCC1-CBL,,,,finer,high,auto_apply,duplicate_cross_source;granularity_finer
IT-0052,dev,dpr,DPR-2026-09-03-electrical,reports/dpr_2026-09-03_electrical.txt,line=10;index=0,2026-09-03,electrical,Earth pit installation area 2 in progress,progress,2026-09-03,EV-0046,2026-09-03,matched,medium,ELE-A2-ERT2-ERT,ELE-A2-ERT2-ERT,,,,same,high,auto_apply,terminology_variant
IT-0053,test,dpr,DPR-2026-09-03-instrumentation,reports/dpr_2026-09-03_instrumentation.txt,line=2;index=0,2026-09-03,instrumentation,Instrument cable laying in Area-3 started at 09:30 yday,start,2026-09-02,EV-0030,2026-09-02,matched,easy,INS-A3-ICB3-ICB,INS-A3-ICB3-ICB,,,,same,high,auto_apply,late_report;relative_date
IT-0054,dev,dpr,DPR-2026-09-03-instrumentation,reports/dpr_2026-09-03_instrumentation.txt,line=3;index=0,2026-09-03,instrumentation,Tubing LT 1103 done,finish,2026-09-03,EV-0050,2026-09-03,matched,medium,INS-A1-LT1103-TUB,INS-A1-LT1103-TUB,,,,same,high,auto_apply,abbreviation
IT-0055,test,dpr,DPR-2026-09-03-hse,reports/dpr_2026-09-03_hse.txt,line=9;index=0,2026-09-03,hse,FAP1 begun yesterday,start,2026-09-02,EV-0027,2026-09-02,matched,hard,HSE-A2-FAP1-INS,HSE-A2-FAP1-INS,,,,same,medium,review,late_report;relative_date;tag_only
IT-0056,dev,dpr,DPR-2026-09-03-hse,reports/dpr_2026-09-03_hse.txt,line=10;index=0,2026-09-03,hse,GD-301 completed,finish,2026-09-03,EV-0049,2026-09-03,matched,hard,HSE-A3-GD301-INS,HSE-A3-GD301-INS,,,,same,medium,review,tag_only
IT-0057,test,dpr,DPR-2026-09-04-civil,reports/dpr_2026-09-04_civil.txt,line=3;index=0,2026-09-04,civil,excavation of v-101 foundation begun from 10 am,start,2026-09-04,EV-0062,2026-09-04,matched,easy,CIV-A1-V101-EXC,CIV-A1-V101-EXC,,,,same,high,auto_apply,
IT-0058,test,dpr,DPR-2026-09-04-civil,reports/dpr_2026-09-04_civil.txt,line=2;index=0,2026-09-04,civil,bar beending & fixing for v-103 fdn in prog.,progress,2026-09-04,EV-0063,2026-09-04,matched,medium,CIV-A1-V103-REB,CIV-A1-V103-REB,,,,same,high,auto_apply,multi_item_line;typo
IT-0059,test,dpr,DPR-2026-09-04-civil,reports/dpr_2026-09-04_civil.txt,line=2;index=1,2026-09-04,civil,foundation works in area-1 ongoing,progress,2026-09-04,,,ambiguous,hard,,CIV-A1-V101-EXC;CIV-A1-V103-REB,,,,coarser,medium,review,granularity_coarser;multi_item_line
IT-0060,dev,dpr,DPR-2026-09-04-piping,reports/dpr_2026-09-04_piping.txt,line=12;index=1,2026-09-04,piping,Erection of pipe supports at pipe rack PR-2 at area 2 begun on 3/9,start,2026-09-03,EV-0056,2026-09-03,matched,hard,PIP-A3-PS2-PSE,PIP-A3-PS2-PSE,,,,same,medium,review,explicit_date;late_report;multi_item_line;wrong_area
IT-0061,dev,dpr,DPR-2026-09-04-piping,reports/dpr_2026-09-04_piping.txt,line=14;index=0,2026-09-04,piping,"welding of 8"" fire water ring main resumed on 3/9",resume,2026-09-03,EV-0057,2026-09-03,matched,hard,PIP-A4-1407-WLD,PIP-A4-1407-WLD,,,,same,medium,review,explicit_date;late_report;partial_description
IT-0062,test,dpr,DPR-2026-09-04-piping,reports/dpr_2026-09-04_piping.txt,line=11;index=0,2026-09-04,piping,L-1105 erctn – 1 spool erected,progress,2026-09-04,EV-0071,2026-09-04,matched,medium,PIP-A1-1105-ERC,PIP-A1-1105-ERC,,,,finer,high,auto_apply,abbreviation;duplicate_cross_source;granularity_finer
IT-0063,test,dpr,DPR-2026-09-04-piping,reports/dpr_2026-09-04_piping.txt,line=10;index=0,2026-09-04,piping,1105 welding ka kaam chal raha hai,progress,2026-09-04,EV-0072,2026-09-04,matched,medium,PIP-A1-1105-WLD,PIP-A1-1105-WLD,,,,same,high,auto_apply,hinglish;multi_item_line
IT-0064,test,dpr,DPR-2026-09-04-piping,reports/dpr_2026-09-04_piping.txt,line=12;index=0,2026-09-04,piping,"Welding & NDT of line 16""-P-1211-A1A going on",progress,2026-09-04,EV-0074,2026-09-04,matched,easy,PIP-A3-1211-WLD,PIP-A3-1211-WLD,,,,same,high,auto_apply,multi_item_line
IT-0065,test,dpr,DPR-2026-09-04-piping,reports/dpr_2026-09-04_piping.txt,line=15;index=0,2026-09-04,piping,Pipe laiyng on rack for line 1215 – 1 spool erected,progress,2026-09-04,EV-0075,2026-09-04,matched,medium,PIP-A3-1215-ERC,PIP-A3-1215-ERC,,,,finer,high,auto_apply,duplicate_cross_source;granularity_finer;typo
IT-0066,test,dpr,DPR-2026-09-04-piping,reports/dpr_2026-09-04_piping.txt,line=10;index=1,2026-09-04,piping,Erec L-1217 – 1 spool erected today,progress,2026-09-04,EV-0076,2026-09-04,matched,medium,PIP-A3-1217-ERC,PIP-A3-1217-ERC,,,,finer,high,auto_apply,abbreviation;duplicate_cross_source;granularity_finer;multi_item_line
IT-0067,test,dpr,DPR-2026-09-04-piping,reports/dpr_2026-09-04_piping.txt,line=9;index=0,2026-09-04,piping,"Hydrotest of line 10""-W-1219-A1A commenced",start,2026-09-04,,,unmatched,na,,,unknown_reference,,,same,low,unmatched,unknown_reference
IT-0068,test,dpr,DPR-2026-09-04-piping,reports/dpr_2026-09-04_piping.txt,line=13;index=0,2026-09-04,piping,Pipe rack piping work Area-1 ongoing,progress,2026-09-04,,,ambiguous,hard,,PIP-A1-1105-ERC;PIP-A1-1105-WLD,,,,coarser,medium,review,granularity_coarser
IT-0069,test,dpr,DPR-2026-09-04-mechanical,reports/dpr_2026-09-04_mechanical.txt,line=11;index=0,2026-09-04,rotating_eq,P101B grtg compl.,finish,2026-09-04,EV-0078,2026-09-04,matched,medium,ROT-A3-P101B-GRT,ROT-A3-P101B-GRT,,,,same,high,auto_apply,abbreviation
IT-0070,test,dpr,DPR-2026-09-04-mechanical,reports/dpr_2026-09-04_mechanical.txt,line=9;index=0,2026-09-04,static_eq,Erection of E-101 on foundation commenced,start,2026-09-04,EV-0079,2026-09-04,matched,easy,SEQ-A3-E101-ERC,SEQ-A3-E101-ERC,,,,same,high,auto_apply,
IT-0071,test,dpr,DPR-2026-09-04-mechanical,reports/dpr_2026-09-04_mechanical.txt,line=10;index=0,2026-09-04,static_eq,Equipment erection work A4 in progress,progress,2026-09-04,,,ambiguous,hard,,SEQ-A4-T401-SH1;SEQ-A4-T402-SH1,,,,coarser,medium,review,granularity_coarser
IT-0072,test,dpr,DPR-2026-09-04-electrical,reports/dpr_2026-09-04_electrical.txt,line=10;index=1,2026-09-04,electrical,HTSWBD1 begun today,start,2026-09-04,EV-0065,2026-09-04,matched,hard,ELE-A2-HTSWBD1-INS,ELE-A2-HTSWBD1-INS,,,,same,medium,review,multi_item_line;tag_only
IT-0073,test,dpr,DPR-2026-09-04-electrical,reports/dpr_2026-09-04_electrical.txt,line=9;index=0,2026-09-04,electrical,power cable laying – 155 m pulled today,progress,2026-09-04,EV-0064,2026-09-04,ambiguous,hard,ELE-A2-CMCC1-CBL,ELE-A2-CMCC1-CBL;ELE-A2-CMCC2-CBL;ELE-A1-CLVA1-CBL;ELE-A3-CLVA3-CBL;ELE-A4-CLVA4-CBL;ELE-A2-CHTTR1-CBL;ELE-A2-CHTTR2-CBL,,,,finer,medium,review,duplicate_cross_source;granularity_finer;partial_description
IT-0074,test,dpr,DPR-2026-09-04-electrical,reports/dpr_2026-09-04_electrical.txt,line=10;index=0,2026-09-04,electrical,Trafo TR3 placement WIP,progress,2026-09-04,,,unmatched,na,,,unknown_reference,,,same,low,unmatched,multi_item_line;unknown_reference
IT-0075,test,dpr,DPR-2026-09-04-electrical,reports/dpr_2026-09-04_electrical.txt,line=11;index=0,2026-09-04,electrical,Cable laying in area 2 in progress,progress,2026-09-04,,,ambiguous,hard,,ELE-A2-CMCC1-CBL;ELE-A2-CMCC2-CBL;ELE-A2-CMCC2-TRM;ELE-A2-ERT2-ERT,,,,coarser,medium,review,granularity_coarser
IT-0076,test,dpr,DPR-2026-09-04-instrumentation,reports/dpr_2026-09-04_instrumentation.txt,line=2;index=0,2026-09-04,instrumentation,LT-4011 tubing ka kaam chalu kiya from 10 am,start,2026-09-04,EV-0070,2026-09-04,matched,medium,INS-A4-LT4011-TUB,INS-A4-LT4011-TUB,,,,same,high,auto_apply,hinglish
IT-0077,dev,dpr,DPR-2026-09-05-civil,reports/dpr_2026-09-05_civil.txt,line=2;index=1,2026-09-05,civil,work at PR-3 completed,finish,2026-09-05,EV-0083,2026-09-05,ambiguous,hard,CIV-A3-PR3-PED,CIV-A3-PR3-PED;CIV-A3-PR3-STL,,,,same,medium,review,multi_item_line;type_ambiguous
IT-0078,dev,dpr,DPR-2026-09-05-civil,reports/dpr_2026-09-05_civil.txt,line=2;index=2,2026-09-05,civil,pipe rack pedestal casting back on track,resume,2026-09-05,EV-0082,2026-09-05,ambiguous,hard,CIV-A3-PR3-PED,CIV-A1-PR1-PED;CIV-A3-PR2-PED;CIV-A3-PR3-PED;CIV-A4-PR4-PED,,,,same,medium,review,multi_item_line;partial_description
IT-0079,dev,dpr,DPR-2026-09-05-civil,reports/dpr_2026-09-05_civil.txt,line=3;index=1,2026-09-05,civil,Exc. CT-S WIP,progress,2026-09-05,EV-0080,2026-09-05,matched,medium,CIV-A2-CTS-EXC,CIV-A2-CTS-EXC,,,,same,high,auto_apply,abbreviation;multi_item_line
IT-0080,dev,dpr,DPR-2026-09-05-civil,reports/dpr_2026-09-05_civil.txt,line=3;index=0,2026-09-05,civil,T-401 drain pit re-excavation compl.,finish,2026-09-05,,,unmatched,na,,,new_activity,NW-13,CGS-EXP-01.A4.CIV,same,low,unmatched,multi_item_line;new_activity
IT-0081,dev,dpr,DPR-2026-09-05-civil,reports/dpr_2026-09-05_civil.txt,line=2;index=0,2026-09-05,civil,Civil work A1 in progress,progress,2026-09-05,,,ambiguous,hard,,CIV-A1-V101-EXC;CIV-A1-V103-REB,,,,coarser,medium,review,granularity_coarser;multi_item_line
IT-0082,dev,dpr,DPR-2026-09-05-piping,reports/dpr_2026-09-05_piping.txt,line=9;index=0,2026-09-05,piping,L1217 erctn done today,finish,2026-09-05,EV-0095,2026-09-05,matched,medium,PIP-A3-1217-ERC,PIP-A3-1217-ERC,,,,same,high,auto_apply,abbreviation
IT-0083,dev,dpr,DPR-2026-09-05-piping,reports/dpr_2026-09-05_piping.txt,line=11;index=0,2026-09-05,piping,Wldg/NDT L1217 restarted,resume,2026-09-05,EV-0096,2026-09-05,matched,medium,PIP-A3-1217-WLD,PIP-A3-1217-WLD,,,,same,high,auto_apply,abbreviation
IT-0084,dev,dpr,DPR-2026-09-05-piping,reports/dpr_2026-09-05_piping.txt,line=13;index=0,2026-09-05,piping,Erec L-1405 strtd,start,2026-09-05,EV-0097,2026-09-05,matched,medium,PIP-A4-1405-ERC,PIP-A4-1405-ERC,,,,same,high,auto_apply,abbreviation
IT-0085,dev,dpr,DPR-2026-09-05-piping,reports/dpr_2026-09-05_piping.txt,line=10;index=0,2026-09-05,piping,Wldg/NDT L1407 done,finish,2026-09-05,EV-0099,2026-09-05,matched,medium,PIP-A4-1407-WLD,PIP-A4-1407-WLD,,,,same,high,auto_apply,abbreviation
IT-0086,dev,dpr,DPR-2026-09-05-piping,reports/dpr_2026-09-05_piping.txt,line=15;index=0,2026-09-05,piping,1211 welding ka kaam chal raha hai,progress,2026-09-05,EV-0092,2026-09-05,matched,medium,PIP-A3-1211-WLD,PIP-A3-1211-WLD,,,,same,high,auto_apply,hinglish
IT-0087,dev,dpr,DPR-2026-09-05-piping,reports/dpr_2026-09-05_piping.txt,line=12;index=1,2026-09-05,piping,Spool erection 10 inch line 1215 – 1 spool erected,progress,2026-09-05,EV-0093,2026-09-05,matched,medium,PIP-A3-1215-ERC,PIP-A3-1215-ERC,,,,finer,high,auto_apply,duplicate_cross_source;granularity_finer;multi_item_line;terminology_variant
IT-0088,dev,dpr,DPR-2026-09-05-piping,reports/dpr_2026-09-05_piping.txt,line=14;index=0,2026-09-05,piping,Fixing of shoes & guiddes at rack 1 WIP today,progress,2026-09-05,EV-0091,2026-09-05,matched,medium,PIP-A1-PS1-PSE,PIP-A1-PS1-PSE,,,,same,high,auto_apply,typo
IT-0089,dev,dpr,DPR-2026-09-05-piping,reports/dpr_2026-09-05_piping.txt,line=16;index=0,2026-09-05,piping,"Hot tap connection on existing 24"" header (unplanned tie-in) started",start,2026-09-05,,,unmatched,na,,,new_activity,NW-14,CGS-EXP-01.A1.PIP,same,low,unmatched,new_activity
IT-0090,dev,dpr,DPR-2026-09-05-piping,reports/dpr_2026-09-05_piping.txt,line=12;index=0,2026-09-05,piping,P-1209 erctn WIP,progress,2026-09-05,,,unmatched,na,,,unknown_reference,,,same,low,unmatched,multi_item_line;unknown_reference
IT-0091,dev,dpr,DPR-2026-09-05-mechanical,reports/dpr_2026-09-05_mechanical.txt,line=10;index=0,2026-09-05,rotating_eq,Grouting of pump P-201B finished today,finish,2026-09-05,EV-0102,2026-09-05,matched,easy,ROT-A4-P201B-GRT,ROT-A4-P201B-GRT,,,,same,high,auto_apply,multi_item_line
IT-0092,dev,dpr,DPR-2026-09-05-mechanical,reports/dpr_2026-09-05_mechanical.txt,line=10;index=1,2026-09-05,rotating_eq,Additional shim plates for K-301 skid completed,finish,2026-09-05,,,unmatched,na,,,new_activity,NW-07,CGS-EXP-01.A1.ROT,same,low,unmatched,multi_item_line;new_activity
IT-0093,dev,dpr,DPR-2026-09-05-mechanical,reports/dpr_2026-09-05_mechanical.txt,line=9;index=0,2026-09-05,static_eq,Equipment erection work A4 going on,progress,2026-09-05,,,ambiguous,hard,,SEQ-A4-T401-SH1;SEQ-A4-T402-SH1;ROT-A4-P201B-GRT,,,,coarser,medium,review,granularity_coarser
IT-0094,test,dpr,DPR-2026-09-05-electrical,reports/dpr_2026-09-05_electrical.txt,line=2;index=0,2026-09-05,electrical,ep & grid a-3 compl. yday,finish,2026-09-04,EV-0066,2026-09-04,matched,medium,ELE-A3-ERT3-ERT,ELE-A3-ERT3-ERT,,,,same,high,auto_apply,abbreviation;late_report;relative_date
IT-0095,dev,dpr,DPR-2026-09-05-electrical,reports/dpr_2026-09-05_electrical.txt,line=5;index=0,2026-09-05,electrical,"cable laying mcc-1 feeder cables on hold today, cable drums not received",hold,2026-09-05,EV-0084,2026-09-05,matched,medium,ELE-A2-CMCC1-CBL,ELE-A2-CMCC1-CBL,,,,same,high,auto_apply,terminology_variant
IT-0096,dev,dpr,DPR-2026-09-05-electrical,reports/dpr_2026-09-05_electrical.txt,line=4;index=1,2026-09-05,electrical,mcc-2 termination ka kaam – 1 cable terminated,progress,2026-09-05,EV-0086,2026-09-05,matched,medium,ELE-A2-CMCC2-TRM,ELE-A2-CMCC2-TRM,,,,finer,high,auto_apply,duplicate_cross_source;granularity_finer;hinglish;multi_item_line
IT-0097,dev,dpr,DPR-2026-09-05-electrical,reports/dpr_2026-09-05_electrical.txt,line=3;index=0,2026-09-05,electrical,temp db for welding m/c a3 compl. today,finish,2026-09-05,,,unmatched,na,,,new_activity,NW-08,CGS-EXP-01.A3.ELE,same,low,unmatched,new_activity
IT-0098,dev,dpr,DPR-2026-09-05-electrical,reports/dpr_2026-09-05_electrical.txt,line=4;index=0,2026-09-05,electrical,mcc3 instln in prog. today,progress,2026-09-05,,,unmatched,na,,,unknown_reference,,,same,low,unmatched,multi_item_line;unknown_reference
IT-0099,dev,dpr,DPR-2026-09-05-instrumentation,reports/dpr_2026-09-05_instrumentation.txt,line=9;index=0,2026-09-05,instrumentation,temperature transmitter mounting begun @ 14:00,start,2026-09-05,EV-0088,2026-09-05,ambiguous,hard,INS-A1-TT1105-INS,INS-A1-TT1105-INS;INS-A3-TT2051-INS;INS-A4-TT4013-INS,,,,same,medium,review,partial_description
IT-0100,dev,dpr,DPR-2026-09-05-instrumentation,reports/dpr_2026-09-05_instrumentation.txt,line=10;index=0,2026-09-05,instrumentation,flow transmitter tubing going on,progress,2026-09-05,EV-0089,2026-09-05,ambiguous,hard,INS-A3-FT2031-TUB,INS-A1-FT1101-TUB;INS-A3-FT2031-TUB;INS-A3-FT2033-TUB,,,,same,medium,review,partial_description
IT-0101,dev,dpr,DPR-2026-09-05-instrumentation,reports/dpr_2026-09-05_instrumentation.txt,line=11;index=0,2026-09-05,instrumentation,Instrument installation Area-1 in progress,progress,2026-09-05,,,ambiguous,hard,,INS-A1-PT1104-TUB;INS-A1-TT1105-INS,,,,coarser,medium,review,granularity_coarser
IT-0102,test,dpr,DPR-2026-09-05-hse,reports/dpr_2026-09-05_hse.txt,line=2;index=0,2026-09-05,hse,fap-1 completed on 04/09/26,finish,2026-09-04,EV-0067,2026-09-04,matched,hard,HSE-A2-FAP1-INS,HSE-A2-FAP1-INS,,,,same,medium,review,explicit_date;late_report;tag_only
IT-0103,test,dpr,DPR-2026-09-07-civil,reports/dpr_2026-09-07_civil.txt,line=2;index=0,2026-09-07,civil,Digging for V-101 foundation over,finish,2026-09-07,EV-0103,2026-09-07,matched,medium,CIV-A1-V101-EXC,CIV-A1-V101-EXC,,,,same,high,auto_apply,multi_item_line;terminology_variant
IT-0104,test,dpr,DPR-2026-09-07-civil,reports/dpr_2026-09-07_civil.txt,line=2;index=2,2026-09-07,civil,Excavation of cable trench (south) completed,finish,2026-09-07,EV-0105,2026-09-07,matched,easy,CIV-A2-CTS-EXC,CIV-A2-CTS-EXC,,,,same,high,auto_apply,multi_item_line
IT-0105,test,dpr,DPR-2026-09-07-civil,reports/dpr_2026-09-07_civil.txt,line=2;index=1,2026-09-07,civil,Temporary drainage trench near PR-3 due to waterlogging started today,start,2026-09-07,,,unmatched,na,,,new_activity,NW-01,CGS-EXP-01.A3.CIV,same,low,unmatched,multi_item_line;new_activity
IT-0106,test,dpr,DPR-2026-09-07-piping,reports/dpr_2026-09-07_piping.txt,line=4;index=1,2026-09-07,piping,1105 spool fitting ho gaya,finish,2026-09-07,EV-0117,2026-09-07,matched,medium,PIP-A1-1105-ERC,PIP-A1-1105-ERC,,,,same,high,auto_apply,hinglish;multi_item_line
IT-0107,test,dpr,DPR-2026-09-07-piping,reports/dpr_2026-09-07_piping.txt,line=4;index=0,2026-09-07,piping,work at line 1203 begun,start,2026-09-07,EV-0118,2026-09-07,ambiguous,hard,PIP-A3-1203-ERC,PIP-A3-1203-ERC;PIP-A3-1203-WLD,,,,same,medium,review,multi_item_line;type_ambiguous
IT-0108,test,dpr,DPR-2026-09-07-piping,reports/dpr_2026-09-07_piping.txt,line=3;index=0,2026-09-07,piping,w-1215 welding+rt strtd @ 14:00,start,2026-09-07,EV-0122,2026-09-07,matched,medium,PIP-A3-1215-WLD,PIP-A3-1215-WLD,,,,same,high,auto_apply,abbreviation
IT-0109,test,dpr,DPR-2026-09-07-piping,reports/dpr_2026-09-07_piping.txt,line=2;index=2,2026-09-07,piping,"welding & ndt of line 10""-w-1405-a1a begun",start,2026-09-07,EV-0124,2026-09-07,matched,easy,PIP-A4-1405-WLD,PIP-A4-1405-WLD,,,,same,high,auto_apply,multi_item_line
IT-0110,test,dpr,DPR-2026-09-07-piping,reports/dpr_2026-09-07_piping.txt,line=2;index=0,2026-09-07,piping,"piping erection line 16""-p-1211-a1a – 1 spool erected",progress,2026-09-07,EV-0120,2026-09-07,matched,easy,PIP-A3-1211-ERC,PIP-A3-1211-ERC,,,,finer,high,auto_apply,duplicate_cross_source;granularity_finer;multi_item_line
IT-0111,test,dpr,DPR-2026-09-07-piping,reports/dpr_2026-09-07_piping.txt,line=2;index=1,2026-09-07,piping,fixing of shoes & guides at rack 2 going on,progress,2026-09-07,EV-0123,2026-09-07,matched,medium,PIP-A3-PS2-PSE,PIP-A3-PS2-PSE,,,,same,high,auto_apply,multi_item_line;terminology_variant
IT-0112,dev,dpr,DPR-2026-09-07-mechanical,reports/dpr_2026-09-07_mechanical.txt,line=9;index=0,2026-09-07,rotating_eq,gas compressor grouting completed on 05.09.26,finish,2026-09-05,EV-0100,2026-09-05,matched,hard,ROT-A1-K301-GRT,ROT-A1-K301-GRT,,,,same,medium,review,explicit_date;late_report;partial_description
IT-0113,test,dpr,DPR-2026-09-07-mechanical,reports/dpr_2026-09-07_mechanical.txt,line=11;index=0,2026-09-07,rotating_eq,Base plate grouting P-101A in Area-4 completed,finish,2026-09-07,EV-0126,2026-09-07,matched,hard,ROT-A3-P101A-GRT,ROT-A3-P101A-GRT,,,,same,medium,review,wrong_area
IT-0114,test,dpr,DPR-2026-09-07-mechanical,reports/dpr_2026-09-07_mechanical.txt,line=10;index=0,2026-09-07,rotating_eq,P102A grtg done today,finish,2026-09-07,EV-0128,2026-09-07,matched,medium,ROT-A3-P102A-GRT,ROT-A3-P102A-GRT,,,,same,high,auto_apply,abbreviation
IT-0115,test,dpr,DPR-2026-09-07-mechanical,reports/dpr_2026-09-07_mechanical.txt,line=12;index=0,2026-09-07,static_eq,Erection of E-101 on foundation finished,finish,2026-09-07,EV-0129,2026-09-07,matched,easy,SEQ-A3-E101-ERC,SEQ-A3-E101-ERC,,,,same,high,auto_apply,
IT-0116,dev,dpr,DPR-2026-09-07-electrical,reports/dpr_2026-09-07_electrical.txt,line=5;index=0,2026-09-07,electrical,HT-SWBD-1 instln held up on 05.09.26 – drawing revision awaited,hold,2026-09-05,EV-0087,2026-09-05,matched,medium,ELE-A2-HTSWBD1-INS,ELE-A2-HTSWBD1-INS,,,,same,high,auto_apply,abbreviation;explicit_date;late_report
IT-0117,test,dpr,DPR-2026-09-07-electrical,reports/dpr_2026-09-07_electrical.txt,line=4;index=0,2026-09-07,electrical,earthing work begun from 10 am,start,2026-09-07,EV-0106,2026-09-07,ambiguous,hard,ELE-A1-ERT1-ERT,ELE-A1-ERT1-ERT;ELE-A2-ERT2-ERT;ELE-A3-ERT3-ERT;ELE-A4-ERT4-ERT,,,,same,medium,review,partial_description
IT-0118,test,dpr,DPR-2026-09-07-electrical,reports/dpr_2026-09-07_electrical.txt,line=2;index=1,2026-09-07,electrical,EP & grid A2 done,finish,2026-09-07,EV-0109,2026-09-07,matched,medium,ELE-A2-ERT2-ERT,ELE-A2-ERT2-ERT,,,,same,high,auto_apply,abbreviation;multi_item_line
IT-0119,test,dpr,DPR-2026-09-07-electrical,reports/dpr_2026-09-07_electrical.txt,line=3;index=0,2026-09-07,electrical,Lugging & glanding MCC-1 feeder cables in Area-3 – 3 cables terminated today,progress,2026-09-07,EV-0108,2026-09-07,matched,hard,ELE-A2-CMCC1-TRM,ELE-A2-CMCC1-TRM,,,,finer,medium,review,duplicate_cross_source;granularity_finer;wrong_area
IT-0120,test,dpr,DPR-2026-09-07-electrical,reports/dpr_2026-09-07_electrical.txt,line=2;index=0,2026-09-07,electrical,Electrical works A2 going on,progress,2026-09-07,,,ambiguous,hard,,ELE-A2-CMCC1-CBL;ELE-A2-CMCC1-TRM;ELE-A2-CMCC2-CBL;ELE-A2-CMCC2-TRM;ELE-A2-ERT2-ERT,,,,coarser,medium,review,granularity_coarser;multi_item_line
IT-0121,test,dpr,DPR-2026-09-07-instrumentation,reports/dpr_2026-09-07_instrumentation.txt,line=15;index=0,2026-09-07,instrumentation,PT 1104 work stuck due to drawing revision awaited,hold,2026-09-07,EV-0111,2026-09-07,ambiguous,hard,INS-A1-PT1104-TUB,INS-A1-PT1104-INS;INS-A1-PT1104-TUB,,,,same,medium,review,type_ambiguous
IT-0122,test,dpr,DPR-2026-09-07-instrumentation,reports/dpr_2026-09-07_instrumentation.txt,line=9;index=0,2026-09-07,instrumentation,Positioning DCS panels in CCR in control room completed today,finish,2026-09-07,EV-0113,2026-09-07,matched,medium,INS-A2-DCS-DCS,INS-A2-DCS-DCS,,,,same,high,auto_apply,terminology_variant
IT-0123,test,dpr,DPR-2026-09-07-instrumentation,reports/dpr_2026-09-07_instrumentation.txt,line=10;index=0,2026-09-07,instrumentation,Impulse tubing for FT-2031 over,finish,2026-09-07,EV-0114,2026-09-07,matched,easy,INS-A3-FT2031-TUB,INS-A3-FT2031-TUB,,,,same,high,auto_apply,
IT-0124,test,dpr,DPR-2026-09-07-instrumentation,reports/dpr_2026-09-07_instrumentation.txt,line=12;index=0,2026-09-07,instrumentation,SS tubnig hook-up level transmitter 4011 compl.,finish,2026-09-07,EV-0115,2026-09-07,matched,medium,INS-A4-LT4011-TUB,INS-A4-LT4011-TUB,,,,same,high,auto_apply,duplicate_cross_source;typo
IT-0125,test,dpr,DPR-2026-09-07-instrumentation,reports/dpr_2026-09-07_instrumentation.txt,line=11;index=0,2026-09-07,instrumentation,Instrument installation A1 in progress,progress,2026-09-07,,,ambiguous,hard,,INS-A1-PT1104-TUB;INS-A1-TT1105-INS,,,,coarser,medium,review,granularity_coarser
IT-0126,test,dpr,DPR-2026-09-07-hse,reports/dpr_2026-09-07_hse.txt,line=2;index=0,2026-09-07,hse,Fire hydrants & monitors in Area-3 commenced,start,2026-09-07,EV-0110,2026-09-07,matched,easy,HSE-A3-HYD3-HYD,HSE-A3-HYD3-HYD,,,,same,high,auto_apply,
IT-0127,test,dpr,DPR-2026-09-08-civil,reports/dpr_2026-09-08_civil.txt,line=2;index=0,2026-09-08,civil,bar bending & fixing for v-103 fdn completed on 07.09.26,finish,2026-09-07,EV-0104,2026-09-07,matched,medium,CIV-A1-V103-REB,CIV-A1-V103-REB,,,,same,high,auto_apply,explicit_date;late_report;terminology_variant
IT-0128,dev,dpr,DPR-2026-09-08-civil,reports/dpr_2026-09-08_civil.txt,line=5;index=1,2026-09-08,civil,pcc for foundation v-101 completed,finish,2026-09-08,EV-0131,2026-09-08,matched,easy,CIV-A1-V101-PCC,CIV-A1-V101-PCC,,,,same,high,auto_apply,multi_item_line
IT-0129,dev,dpr,DPR-2026-09-08-civil,reports/dpr_2026-09-08_civil.txt,line=5;index=2,2026-09-08,civil,backfill v-102 start,start,2026-09-08,EV-0132,2026-09-08,matched,medium,CIV-A1-V102-BKF,CIV-A1-V102-BKF,,,,same,high,auto_apply,abbreviation;multi_item_line
IT-0130,dev,dpr,DPR-2026-09-08-civil,reports/dpr_2026-09-08_civil.txt,line=3;index=0,2026-09-08,civil,concreting v-103 fdn start,start,2026-09-08,EV-0133,2026-09-08,matched,medium,CIV-A1-V103-RCC,CIV-A1-V103-RCC,,,,same,high,auto_apply,abbreviation
IT-0131,dev,dpr,DPR-2026-09-08-civil,reports/dpr_2026-09-08_civil.txt,line=5;index=0,2026-09-08,civil,brickwork of substation building resumed,resume,2026-09-08,EV-0134,2026-09-08,matched,easy,CIV-A2-SSB-BRK,CIV-A2-SSB-BRK,,,,same,high,auto_apply,multi_item_line
IT-0132,dev,dpr,DPR-2026-09-08-civil,reports/dpr_2026-09-08_civil.txt,line=4;index=0,2026-09-08,civil,temporary drainage trench near pr-3 due to waterlogging completed today,finish,2026-09-08,,,unmatched,na,,,new_activity,NW-01,CGS-EXP-01.A3.CIV,same,low,unmatched,new_activity
IT-0133,dev,dpr,DPR-2026-09-08-civil,reports/dpr_2026-09-08_civil.txt,line=6;index=0,2026-09-08,civil,extra pcc @ rc-2 sleeper start today,start,2026-09-08,,,unmatched,na,,,new_activity,NW-02,CGS-EXP-01.A3.CIV,same,low,unmatched,new_activity
IT-0134,test,dpr,DPR-2026-09-08-piping,reports/dpr_2026-09-08_piping.txt,line=17;index=0,2026-09-08,piping,Spool erection 16 inch line 1211 completed on 07.09.26,finish,2026-09-07,EV-0121,2026-09-07,matched,medium,PIP-A3-1211-ERC,PIP-A3-1211-ERC,,,,same,high,auto_apply,explicit_date;late_report;terminology_variant
IT-0135,dev,dpr,DPR-2026-09-08-piping,reports/dpr_2026-09-08_piping.txt,line=9;index=0,2026-09-08,piping,Spool erection 1207 line started,start,2026-09-08,EV-0138,2026-09-08,matched,medium,PIP-A3-1207-ERC,PIP-A3-1207-ERC,,,,same,high,auto_apply,terminology_variant
IT-0136,dev,dpr,DPR-2026-09-08-piping,reports/dpr_2026-09-08_piping.txt,line=10;index=0,2026-09-08,piping,"Welding & NDT of line 16""-P-1211-A1A going on",progress,2026-09-08,EV-0140,2026-09-08,matched,easy,PIP-A3-1211-WLD,PIP-A3-1211-WLD,,,,same,high,auto_apply,
IT-0137,dev,dpr,DPR-2026-09-08-piping,reports/dpr_2026-09-08_piping.txt,line=12;index=0,2026-09-08,piping,1215 line ka erection – 1 spool erected,progress,2026-09-08,EV-0141,2026-09-08,matched,medium,PIP-A3-1215-ERC,PIP-A3-1215-ERC,,,,finer,high,auto_apply,duplicate_cross_source;granularity_finer;hinglish
IT-0138,dev,dpr,DPR-2026-09-08-piping,reports/dpr_2026-09-08_piping.txt,line=18;index=0,2026-09-08,piping,1405 line ka erection – 1 spool erected,progress,2026-09-08,EV-0144,2026-09-08,matched,medium,PIP-A4-1405-ERC,PIP-A4-1405-ERC,,,,finer,high,auto_apply,duplicate_cross_source;granularity_finer;hinglish
IT-0139,dev,dpr,DPR-2026-09-08-piping,reports/dpr_2026-09-08_piping.txt,line=16;index=0,2026-09-08,piping,"Weldiing & NDT of line 10""-W-1405-A1A WIP",progress,2026-09-08,EV-0145,2026-09-08,matched,medium,PIP-A4-1405-WLD,PIP-A4-1405-WLD,,,,same,high,auto_apply,typo
IT-0140,dev,dpr,DPR-2026-09-08-piping,reports/dpr_2026-09-08_piping.txt,line=19;index=0,2026-09-08,piping,PS erctn PR-2 at area 1 ongoing,progress,2026-09-08,EV-0142,2026-09-08,matched,hard,PIP-A3-PS2-PSE,PIP-A3-PS2-PSE,,,,same,medium,review,wrong_area
IT-0141,dev,dpr,DPR-2026-09-08-piping,reports/dpr_2026-09-08_piping.txt,line=14;index=0,2026-09-08,piping,PS erctn PR3 WIP,progress,2026-09-08,EV-0143,2026-09-08,matched,medium,PIP-A3-PS3-PSE,PIP-A3-PS3-PSE,,,,same,high,auto_apply,abbreviation
IT-0142,dev,dpr,DPR-2026-09-08-piping,reports/dpr_2026-09-08_piping.txt,line=15;index=0,2026-09-08,piping,Cut & re-weld of joint 1205-W12 after RT repair commenced,start,2026-09-08,,,unmatched,na,,,new_activity,NW-05,CGS-EXP-01.A3.PIP,same,low,unmatched,new_activity
IT-0143,dev,dpr,DPR-2026-09-08-piping,reports/dpr_2026-09-08_piping.txt,line=13;index=0,2026-09-08,piping,"Hot tap connection on existing 24"" header (unplanned tie-in) completed today",finish,2026-09-08,,,unmatched,na,,,new_activity,NW-14,CGS-EXP-01.A1.PIP,same,low,unmatched,new_activity
IT-0144,dev,dpr,DPR-2026-09-08-piping,reports/dpr_2026-09-08_piping.txt,line=11;index=0,2026-09-08,piping,Pipe rack piping work area 4 going on,progress,2026-09-08,,,ambiguous,hard,,PIP-A4-1405-ERC;PIP-A4-1405-WLD,,,,coarser,medium,review,granularity_coarser
IT-0145,dev,dpr,DPR-2026-09-08-mechanical,reports/dpr_2026-09-08_mechanical.txt,line=9;index=0,2026-09-08,rotating_eq,Grouting of pump P-104A completed,finish,2026-09-08,,,unmatched,na,,,unknown_reference,,,same,low,unmatched,unknown_reference
IT-0146,dev,dpr,DPR-2026-09-08-mechanical,reports/dpr_2026-09-08_mechanical.txt,line=10;index=0,2026-09-08,static_eq,Equipment erection work area 4 going on,progress,2026-09-08,,,ambiguous,hard,,SEQ-A4-T401-SH1;SEQ-A4-T402-SH1,,,,coarser,medium,review,granularity_coarser
IT-0147,dev,dpr,DPR-2026-09-08-electrical,reports/dpr_2026-09-08_electrical.txt,line=10;index=0,2026-09-08,electrical,MCC-1 termination ka kaam – 1 cable terminated,progress,2026-09-08,EV-0135,2026-09-08,matched,medium,ELE-A2-CMCC1-TRM,ELE-A2-CMCC1-TRM,,,,finer,high,auto_apply,duplicate_cross_source;granularity_finer;hinglish;multi_item_line
IT-0148,dev,dpr,DPR-2026-09-08-electrical,reports/dpr_2026-09-08_electrical.txt,line=10;index=1,2026-09-08,electrical,Cbl pulling MCC-2 – 120 m pulled today,progress,2026-09-08,EV-0136,2026-09-08,matched,medium,ELE-A2-CMCC2-CBL,ELE-A2-CMCC2-CBL,,,,finer,high,auto_apply,abbreviation;duplicate_cross_source;granularity_finer;multi_item_line
IT-0149,dev,dpr,DPR-2026-09-08-electrical,reports/dpr_2026-09-08_electrical.txt,line=9;index=0,2026-09-08,electrical,Extra cable trench crossing near tank farm road commenced,start,2026-09-08,,,unmatched,na,,,new_activity,NW-09,CGS-EXP-01.A4.ELE,same,low,unmatched,new_activity
IT-0150,dev,dpr,DPR-2026-09-08-electrical,reports/dpr_2026-09-08_electrical.txt,line=11;index=0,2026-09-08,electrical,Cable laying in A2 ongoing,progress,2026-09-08,,,ambiguous,hard,,ELE-A2-CMCC1-CBL;ELE-A2-CMCC1-TRM;ELE-A2-CMCC2-CBL;ELE-A2-CMCC2-TRM,,,,coarser,medium,review,granularity_coarser
IT-0151,dev,dpr,DPR-2026-09-08-instrumentation,reports/dpr_2026-09-08_instrumentation.txt,line=9;index=0,2026-09-08,instrumentation,Installation of junction box JB-309 in progress,progress,2026-09-08,,,unmatched,na,,,unknown_reference,,,same,low,unmatched,unknown_reference
IT-0152,dev,dpr,DPR-2026-09-08-hse,reports/dpr_2026-09-08_hse.txt,line=2;index=0,2026-09-08,hse,hydrants a1 start,start,2026-09-08,EV-0137,2026-09-08,matched,medium,HSE-A1-HYD1-HYD,HSE-A1-HYD1-HYD,,,,same,high,auto_apply,abbreviation
IT-0153,test,dpr,DPR-2026-09-09-civil,reports/dpr_2026-09-09_civil.txt,line=2;index=1,2026-09-09,civil,trench wall casting north cable trench completed,finish,2026-09-09,EV-0148,2026-09-09,matched,medium,CIV-A2-CTN-WAL,CIV-A2-CTN-WAL,,,,same,high,auto_apply,multi_item_line;terminology_variant
IT-0154,test,dpr,DPR-2026-09-09-civil,reports/dpr_2026-09-09_civil.txt,line=3;index=0,2026-09-09,civil,cable trench (south) job started from 10 am,start,2026-09-09,EV-0149,2026-09-09,ambiguous,hard,CIV-A2-CTS-WAL,CIV-A2-CTS-EXC;CIV-A2-CTS-WAL,,,,same,medium,review,type_ambiguous
IT-0155,test,dpr,DPR-2026-09-09-civil,reports/dpr_2026-09-09_civil.txt,line=2;index=0,2026-09-09,civil,swd a-4 in prog.,progress,2026-09-09,EV-0150,2026-09-09,matched,medium,CIV-A4-SWD4-SWD,CIV-A4-SWD4-SWD,,,,same,high,auto_apply,abbreviation;multi_item_line
IT-0156,test,dpr,DPR-2026-09-09-civil,reports/dpr_2026-09-09_civil.txt,line=2;index=2,2026-09-09,civil,additional pcc below pipe sleeper at road crossing rc-2 completed today,finish,2026-09-09,,,unmatched,na,,,new_activity,NW-02,CGS-EXP-01.A3.CIV,same,low,unmatched,multi_item_line;new_activity
IT-0157,test,dpr,DPR-2026-09-09-piping,reports/dpr_2026-09-09_piping.txt,line=11;index=0,2026-09-09,piping,Fixing of shoes & guides at rack 3 completed,finish,2026-09-09,EV-0166,2026-09-09,matched,medium,PIP-A3-PS3-PSE,PIP-A3-PS3-PSE,,,,same,high,auto_apply,terminology_variant
IT-0158,test,dpr,DPR-2026-09-09-piping,reports/dpr_2026-09-09_piping.txt,line=12;index=0,2026-09-09,piping,L-1203 work – 2 spools erected,progress,2026-09-09,EV-0164,2026-09-09,ambiguous,hard,PIP-A3-1203-ERC,PIP-A3-1203-ERC;PIP-A3-1203-WLD,,,,finer,medium,review,duplicate_cross_source;granularity_finer;type_ambiguous
IT-0159,test,dpr,DPR-2026-09-09-piping,reports/dpr_2026-09-09_piping.txt,line=9;index=0,2026-09-09,piping,"welding of 8"" recirculation line ongoing",progress,2026-09-09,EV-0165,2026-09-09,matched,hard,PIP-A3-1217-WLD,PIP-A3-1217-WLD,,,,same,medium,review,multi_item_line;partial_description
IT-0160,test,dpr,DPR-2026-09-09-piping,reports/dpr_2026-09-09_piping.txt,line=9;index=1,2026-09-09,piping,L-1405 erctn – 1 spool erected today,progress,2026-09-09,EV-0167,2026-09-09,matched,medium,PIP-A4-1405-ERC,PIP-A4-1405-ERC,,,,finer,high,auto_apply,abbreviation;duplicate_cross_source;granularity_finer;multi_item_line
IT-0161,test,dpr,DPR-2026-09-09-piping,reports/dpr_2026-09-09_piping.txt,line=10;index=1,2026-09-09,piping,Temporary strainer at P-101A suction for flushing commenced,start,2026-09-09,,,unmatched,na,,,new_activity,NW-06,CGS-EXP-01.A3.PIP,same,low,unmatched,multi_item_line;new_activity
IT-0162,test,dpr,DPR-2026-09-09-piping,reports/dpr_2026-09-09_piping.txt,line=10;index=0,2026-09-09,piping,Piping erection in area 3 ongoing,progress,2026-09-09,,,ambiguous,hard,,PIP-A3-1203-ERC;PIP-A3-1207-ERC;PIP-A3-1211-WLD;PIP-A3-1215-ERC;PIP-A3-1215-WLD;PIP-A3-1217-WLD,,,,coarser,medium,review,granularity_coarser;multi_item_line
IT-0163,test,dpr,DPR-2026-09-09-mechanical,reports/dpr_2026-09-09_mechanical.txt,line=2;index=0,2026-09-09,static_eq,Equipment erection work A4 in progress,progress,2026-09-09,,,ambiguous,hard,,SEQ-A4-T401-SH1;SEQ-A4-T402-SH1,,,,coarser,medium,review,granularity_coarser
IT-0164,test,dpr,DPR-2026-09-09-electrical,reports/dpr_2026-09-09_electrical.txt,line=3;index=1,2026-09-09,electrical,Cable pulling for Area-1 LV power cables begun,start,2026-09-09,EV-0151,2026-09-09,matched,easy,ELE-A1-CLVA1-CBL,ELE-A1-CLVA1-CBL,,,,same,high,auto_apply,multi_item_line
IT-0165,test,dpr,DPR-2026-09-09-electrical,reports/dpr_2026-09-09_electrical.txt,line=3;index=2,2026-09-09,electrical,Cable laying MCC-1 feeder cables back on track,resume,2026-09-09,EV-0154,2026-09-09,matched,medium,ELE-A2-CMCC1-CBL,ELE-A2-CMCC1-CBL,,,,same,high,auto_apply,multi_item_line;terminology_variant
IT-0166,test,dpr,DPR-2026-09-09-electrical,reports/dpr_2026-09-09_electrical.txt,line=4;index=0,2026-09-09,electrical,Installation of MCC-1 started,start,2026-09-09,EV-0157,2026-09-09,matched,easy,ELE-A2-MCC1-INS,ELE-A2-MCC1-INS,,,,same,high,auto_apply,multi_item_line
IT-0167,test,dpr,DPR-2026-09-09-electrical,reports/dpr_2026-09-09_electrical.txt,line=2;index=0,2026-09-09,electrical,Laying of power cables for LV cables area 3 started,start,2026-09-09,EV-0158,2026-09-09,matched,medium,ELE-A3-CLVA3-CBL,ELE-A3-CLVA3-CBL,,,,same,high,auto_apply,terminology_variant
IT-0168,test,dpr,DPR-2026-09-09-electrical,reports/dpr_2026-09-09_electrical.txt,line=3;index=0,2026-09-09,electrical,MCC-1 termination ka kaam – 2 cables terminated,progress,2026-09-09,EV-0155,2026-09-09,matched,medium,ELE-A2-CMCC1-TRM,ELE-A2-CMCC1-TRM,,,,finer,high,auto_apply,duplicate_cross_source;granularity_finer;hinglish;multi_item_line
IT-0169,test,dpr,DPR-2026-09-09-electrical,reports/dpr_2026-09-09_electrical.txt,line=4;index=1,2026-09-09,electrical,Electrical works A2 going on,progress,2026-09-09,,,ambiguous,hard,,ELE-A2-CMCC1-CBL;ELE-A2-CMCC1-TRM;ELE-A2-CMCC2-CBL;ELE-A2-CMCC2-TRM,,,,coarser,medium,review,granularity_coarser;multi_item_line
IT-0170,test,dpr,DPR-2026-09-09-hse,reports/dpr_2026-09-09_hse.txt,line=2;index=0,2026-09-09,hse,Windsock installaton WS-1 done,finish,2026-09-09,EV-0161,2026-09-09,matched,medium,HSE-A1-WS1-INS,HSE-A1-WS1-INS,,,,same,high,auto_apply,typo
IT-0171,test,dpr,DPR-2026-09-10-civil,reports/dpr_2026-09-10_civil.txt,line=9;index=0,2026-09-10,civil,Soil filling & compaction around V-102 fdn over on 09.09.26,finish,2026-09-09,EV-0146,2026-09-09,matched,medium,CIV-A1-V102-BKF,CIV-A1-V102-BKF,,,,same,high,auto_apply,explicit_date;late_report;terminology_variant
IT-0172,dev,dpr,DPR-2026-09-10-civil,reports/dpr_2026-09-10_civil.txt,line=10;index=0,2026-09-10,civil,Brickwork of substation building completed,finish,2026-09-10,EV-0169,2026-09-10,matched,easy,CIV-A2-SSB-BRK,CIV-A2-SSB-BRK,,,,same,high,auto_apply,
IT-0173,dev,dpr,DPR-2026-09-10-piping,reports/dpr_2026-09-10_piping.txt,line=11;index=0,2026-09-10,piping,Spool erection line 1213 taken up,start,2026-09-10,EV-0181,2026-09-10,matched,medium,PIP-A3-1213-ERC,PIP-A3-1213-ERC,,,,same,high,auto_apply,terminology_variant
IT-0174,dev,dpr,DPR-2026-09-10-piping,reports/dpr_2026-09-10_piping.txt,line=12;index=0,2026-09-10,piping,"welding of 6"" produced water line going on",progress,2026-09-10,EV-0176,2026-09-10,matched,hard,PIP-A1-1105-WLD,PIP-A1-1105-WLD,,,,same,medium,review,multi_item_line;partial_description
IT-0175,dev,dpr,DPR-2026-09-10-piping,reports/dpr_2026-09-10_piping.txt,line=14;index=0,2026-09-10,piping,Weld joints & X-ray for 16 inch line 1211 ongoing,progress,2026-09-10,EV-0180,2026-09-10,matched,medium,PIP-A3-1211-WLD,PIP-A3-1211-WLD,,,,same,high,auto_apply,terminology_variant
IT-0176,dev,dpr,DPR-2026-09-10-piping,reports/dpr_2026-09-10_piping.txt,line=9;index=0,2026-09-10,piping,Wldg/NDT L-1217 WIP,progress,2026-09-10,EV-0183,2026-09-10,matched,medium,PIP-A3-1217-WLD,PIP-A3-1217-WLD,,,,same,high,auto_apply,typo
IT-0177,dev,dpr,DPR-2026-09-10-piping,reports/dpr_2026-09-10_piping.txt,line=13;index=0,2026-09-10,piping,line 1405 job – 1 spool erected,progress,2026-09-10,EV-0185,2026-09-10,ambiguous,hard,PIP-A4-1405-ERC,PIP-A4-1405-ERC;PIP-A4-1405-WLD,,,,finer,medium,review,duplicate_cross_source;granularity_finer;type_ambiguous
IT-0178,dev,dpr,DPR-2026-09-10-piping,reports/dpr_2026-09-10_piping.txt,line=10;index=1,2026-09-10,piping,PR-1 support fitting jaari hai today,progress,2026-09-10,EV-0177,2026-09-10,matched,medium,PIP-A1-PS1-PSE,PIP-A1-PS1-PSE,,,,same,high,auto_apply,hinglish;multi_item_line
IT-0179,dev,dpr,DPR-2026-09-10-piping,reports/dpr_2026-09-10_piping.txt,line=12;index=1,2026-09-10,piping,Fixing of shoes & guides at rack 2 (A2) in progress,progress,2026-09-10,EV-0184,2026-09-10,matched,hard,PIP-A3-PS2-PSE,PIP-A3-PS2-PSE,,,,same,medium,review,multi_item_line;wrong_area
IT-0180,dev,dpr,DPR-2026-09-10-piping,reports/dpr_2026-09-10_piping.txt,line=10;index=0,2026-09-10,piping,extra support AS-17 PR-2 clash start,start,2026-09-10,,,unmatched,na,,,new_activity,NW-04,CGS-EXP-01.A3.PIP,same,low,unmatched,multi_item_line;new_activity
IT-0181,dev,dpr,DPR-2026-09-10-mechanical,reports/dpr_2026-09-10_mechanical.txt,line=9;index=0,2026-09-10,static_eq,E101 grouting start,start,2026-09-10,EV-0187,2026-09-10,matched,medium,SEQ-A3-E101-GRT,SEQ-A3-E101-GRT,,,,same,high,auto_apply,abbreviation
IT-0182,test,dpr,DPR-2026-09-10-electrical,reports/dpr_2026-09-10_electrical.txt,line=10;index=0,2026-09-10,electrical,HT switchboard installation resumed on 9/9,resume,2026-09-09,EV-0156,2026-09-09,matched,hard,ELE-A2-HTSWBD1-INS,ELE-A2-HTSWBD1-INS,,,,same,medium,review,explicit_date;late_report;partial_description
IT-0183,dev,dpr,DPR-2026-09-10-electrical,reports/dpr_2026-09-10_electrical.txt,line=12;index=0,2026-09-10,electrical,Placement of transformer TR-2 begun,start,2026-09-10,EV-0171,2026-09-10,matched,easy,ELE-A2-TR2-PLC,ELE-A2-TR2-PLC,,,,same,high,auto_apply,
IT-0184,dev,dpr,DPR-2026-09-10-electrical,reports/dpr_2026-09-10_electrical.txt,line=9;index=0,2026-09-10,electrical,Termn MCC-2 – 3 cables terminated,progress,2026-09-10,EV-0170,2026-09-10,matched,medium,ELE-A2-CMCC2-TRM,ELE-A2-CMCC2-TRM,,,,finer,high,auto_apply,abbreviation;duplicate_cross_source;granularity_finer
IT-0185,dev,dpr,DPR-2026-09-10-electrical,reports/dpr_2026-09-10_electrical.txt,line=11;index=0,2026-09-10,electrical,Electrical works A2 in progress,progress,2026-09-10,,,ambiguous,hard,,ELE-A2-CMCC1-CBL;ELE-A2-CMCC1-TRM;ELE-A2-CMCC2-CBL;ELE-A2-CMCC2-TRM,,,,coarser,medium,review,granularity_coarser
IT-0186,test,dpr,DPR-2026-09-10-instrumentation,reports/dpr_2026-09-10_instrumentation.txt,line=5;index=0,2026-09-10,instrumentation,ss tubing hook-up pressure transmitter 1104 over yesterday,finish,2026-09-09,EV-0163,2026-09-09,matched,medium,INS-A1-PT1104-TUB,INS-A1-PT1104-TUB,,,,same,high,auto_apply,duplicate_cross_source;late_report;relative_date;terminology_variant
IT-0187,test,dpr,DPR-2026-09-10-instrumentation,reports/dpr_2026-09-10_instrumentation.txt,line=3;index=0,2026-09-10,instrumentation,pressure transmitter tubing back on track yday,resume,2026-09-09,EV-0162,2026-09-09,ambiguous,hard,INS-A1-PT1104-TUB,INS-A1-PT1102-TUB;INS-A1-PT1104-TUB;INS-A3-PT2041-TUB;INS-A3-PT2042-TUB,,,,same,medium,review,late_report;partial_description;relative_date
IT-0188,dev,dpr,DPR-2026-09-10-instrumentation,reports/dpr_2026-09-10_instrumentation.txt,line=2;index=0,2026-09-10,instrumentation,installation of junction box jb-102 commenced today,start,2026-09-10,EV-0173,2026-09-10,matched,easy,INS-A1-JB102-INS,INS-A1-JB102-INS,,,,same,high,auto_apply,multi_item_line
IT-0189,dev,dpr,DPR-2026-09-10-instrumentation,reports/dpr_2026-09-10_instrumentation.txt,line=2;index=1,2026-09-10,instrumentation,mc-1 begun from 10 am,start,2026-09-10,EV-0175,2026-09-10,matched,hard,INS-A2-MC1-INS,INS-A2-MC1-INS,,,,same,medium,review,multi_item_line;tag_only
IT-0190,dev,dpr,DPR-2026-09-10-instrumentation,reports/dpr_2026-09-10_instrumentation.txt,line=4;index=1,2026-09-10,instrumentation,pt-2042 stand shifting start,start,2026-09-10,,,unmatched,na,,,new_activity,NW-10,CGS-EXP-01.A3.INS,same,low,unmatched,multi_item_line;new_activity
IT-0191,dev,dpr,DPR-2026-09-10-instrumentation,reports/dpr_2026-09-10_instrumentation.txt,line=4;index=0,2026-09-10,instrumentation,installation of ft-2035 started,start,2026-09-10,,,unmatched,na,,,unknown_reference,,,same,low,unmatched,multi_item_line;unknown_reference
IT-0192,dev,dpr,DPR-2026-09-10-hse,reports/dpr_2026-09-10_hse.txt,line=9;index=1,2026-09-10,hse,barricading near P-102B pit strtd today,start,2026-09-10,,,unmatched,na,,,new_activity,NW-11,CGS-EXP-01.A3.HSE,same,low,unmatched,multi_item_line;new_activity
IT-0193,dev,dpr,DPR-2026-09-10-hse,reports/dpr_2026-09-10_hse.txt,line=9;index=0,2026-09-10,hse,Installation of gas detector GD-305 in progress today,progress,2026-09-10,,,unmatched,na,,,unknown_reference,,,same,low,unmatched,multi_item_line;unknown_reference
IT-0194,dev,dpr,DPR-2026-09-11-civil,reports/dpr_2026-09-11_civil.txt,line=10;index=0,2026-09-11,civil,V-101 fdn sariya bandhai chalu kiya from 10 am on 10-Sep,start,2026-09-10,EV-0168,2026-09-10,matched,medium,CIV-A1-V101-REB,CIV-A1-V101-REB,,,,same,high,auto_apply,explicit_date;hinglish;late_report
IT-0195,test,dpr,DPR-2026-09-11-civil,reports/dpr_2026-09-11_civil.txt,line=9;index=0,2026-09-11,civil,Plaster SS bldg strtd,start,2026-09-11,EV-0188,2026-09-11,matched,medium,CIV-A2-SSB-PLS,CIV-A2-SSB-PLS,,,,same,high,auto_apply,abbreviation
IT-0196,dev,dpr,DPR-2026-09-11-piping,reports/dpr_2026-09-11_piping.txt,line=11;index=0,2026-09-11,piping,L1203 welding+RT start yesterday,start,2026-09-10,EV-0178,2026-09-10,matched,medium,PIP-A3-1203-WLD,PIP-A3-1203-WLD,,,,same,high,auto_apply,abbreviation;late_report;relative_date
IT-0197,dev,dpr,DPR-2026-09-11-piping,reports/dpr_2026-09-11_piping.txt,line=10;index=0,2026-09-11,piping,L-1407 job commenced on 10.09.26,start,2026-09-10,EV-0186,2026-09-10,ambiguous,hard,PIP-A4-1407-HT,PIP-A4-1407-WLD;PIP-A4-1407-HT;PIP-A4-1407-RST,,,,same,medium,review,explicit_date;late_report;type_ambiguous
IT-0198,test,dpr,DPR-2026-09-11-piping,reports/dpr_2026-09-11_piping.txt,line=9;index=0,2026-09-11,piping,"welding of 16"" pump discharge line started today",start,2026-09-11,EV-0199,2026-09-11,ambiguous,hard,PIP-A3-1207-WLD,PIP-A3-1207-WLD;PIP-A3-1211-WLD,,,,same,medium,review,partial_description
IT-0199,test,dpr,DPR-2026-09-11-piping,reports/dpr_2026-09-11_piping.txt,line=15;index=0,2026-09-11,piping,"L-1405 erctn hold – clash with cable tray, RFI raised",hold,2026-09-11,EV-0202,2026-09-11,matched,medium,PIP-A4-1405-ERC,PIP-A4-1405-ERC,,,,same,high,auto_apply,abbreviation
IT-0200,test,dpr,DPR-2026-09-11-piping,reports/dpr_2026-09-11_piping.txt,line=12;index=0,2026-09-11,piping,Joint welding and radiography 1215 line going on,progress,2026-09-11,EV-0201,2026-09-11,matched,medium,PIP-A3-1215-WLD,PIP-A3-1215-WLD,,,,same,high,auto_apply,terminology_variant
IT-0201,test,dpr,DPR-2026-09-11-mechanical,reports/dpr_2026-09-11_mechanical.txt,line=2;index=0,2026-09-11,static_eq,V-102 erctn on fdn start,start,2026-09-11,EV-0204,2026-09-11,matched,medium,SEQ-A1-V102-ERC,SEQ-A1-V102-ERC,,,,same,high,auto_apply,abbreviation
IT-0202,test,dpr,DPR-2026-09-11-electrical,reports/dpr_2026-09-11_electrical.txt,line=9;index=0,2026-09-11,electrical,Erection of HT-SWBD-1 panel completed,finish,2026-09-11,EV-0193,2026-09-11,matched,medium,ELE-A2-HTSWBD1-INS,ELE-A2-HTSWBD1-INS,,,,same,high,auto_apply,terminology_variant
IT-0203,test,dpr,DPR-2026-09-11-electrical,reports/dpr_2026-09-11_electrical.txt,line=11;index=0,2026-09-11,electrical,Placement of transformer TR-2 completed,finish,2026-09-11,EV-0194,2026-09-11,matched,easy,ELE-A2-TR2-PLC,ELE-A2-TR2-PLC,,,,same,high,auto_apply,multi_item_line
IT-0204,test,dpr,DPR-2026-09-11-electrical,reports/dpr_2026-09-11_electrical.txt,line=11;index=1,2026-09-11,electrical,Laying of power cables for LV cables area 4 begun,start,2026-09-11,EV-0196,2026-09-11,matched,medium,ELE-A4-CLVA4-CBL,ELE-A4-CLVA4-CBL,,,,same,high,auto_apply,multi_item_line;terminology_variant
IT-0205,test,dpr,DPR-2026-09-11-electrical,reports/dpr_2026-09-11_electrical.txt,line=10;index=0,2026-09-11,electrical,Cable laying in Area-2 going on,progress,2026-09-11,,,ambiguous,hard,,ELE-A2-CMCC1-CBL;ELE-A2-CMCC1-TRM;ELE-A2-CMCC2-CBL;ELE-A2-CMCC2-TRM,,,,coarser,medium,review,granularity_coarser
IT-0206,dev,dpr,DPR-2026-09-11-instrumentation,reports/dpr_2026-09-11_instrumentation.txt,line=9;index=0,2026-09-11,instrumentation,Installation of PT-1102 started from 10 am yday,start,2026-09-10,EV-0174,2026-09-10,matched,easy,INS-A1-PT1102-INS,INS-A1-PT1102-INS,,,,same,high,auto_apply,late_report;relative_date
IT-0207,test,dpr,DPR-2026-09-11-instrumentation,reports/dpr_2026-09-11_instrumentation.txt,line=10;index=1,2026-09-11,instrumentation,Installtaion of FT-1101 strtd today,start,2026-09-11,EV-0198,2026-09-11,matched,medium,INS-A1-FT1101-INS,INS-A1-FT1101-INS,,,,same,high,auto_apply,multi_item_line;typo
IT-0208,test,dpr,DPR-2026-09-11-instrumentation,reports/dpr_2026-09-11_instrumentation.txt,line=10;index=0,2026-09-11,instrumentation,Instrument installation Area-1 ongoing,progress,2026-09-11,,,ambiguous,hard,,INS-A1-FT1101-INS;INS-A1-PT1102-INS;INS-A1-JB102-INS,,,,coarser,medium,review,granularity_coarser;multi_item_line
IT-0209,test,dpr,DPR-2026-09-11-hse,reports/dpr_2026-09-11_hse.txt,line=2;index=0,2026-09-11,hse,additional eyewash station near chemical dosing skid commenced,start,2026-09-11,,,unmatched,na,,,new_activity,NW-12,CGS-EXP-01.A1.HSE,same,low,unmatched,new_activity
IT-0210,test,dpr,DPR-2026-09-12-civil,reports/dpr_2026-09-12_civil.txt,line=9;index=0,2026-09-12,civil,PR-3 work begun @ 14:00 yesterday,start,2026-09-11,EV-0189,2026-09-11,ambiguous,hard,CIV-A3-PR3-STL,CIV-A3-PR3-PED;CIV-A3-PR3-STL,,,,same,medium,review,late_report;relative_date;type_ambiguous
IT-0211,dev,dpr,DPR-2026-09-12-civil,reports/dpr_2026-09-12_civil.txt,line=10;index=1,2026-09-12,civil,Bar bending & fixing for V-101 fdn going on today,progress,2026-09-12,EV-0205,2026-09-12,matched,medium,CIV-A1-V101-REB,CIV-A1-V101-REB,,,,same,high,auto_apply,multi_item_line;terminology_variant
IT-0212,dev,dpr,DPR-2026-09-12-civil,reports/dpr_2026-09-12_civil.txt,line=10;index=0,2026-09-12,civil,V-102 pedestal honeycomb repair strtd,start,2026-09-12,,,unmatched,na,,,new_activity,NW-03,CGS-EXP-01.A1.CIV,same,low,unmatched,multi_item_line;new_activity
IT-0213,test,dpr,DPR-2026-09-12-piping,reports/dpr_2026-09-12_piping.txt,line=11;index=0,2026-09-12,piping,TP-027 completed yesterday,finish,2026-09-11,EV-0203,2026-09-11,matched,hard,PIP-A4-1407-HT,PIP-A4-1407-HT,,,,same,medium,review,late_report;relative_date;tag_only
IT-0214,dev,dpr,DPR-2026-09-12-piping,reports/dpr_2026-09-12_piping.txt,line=12;index=0,2026-09-12,piping,1213 line job commenced,start,2026-09-12,EV-0217,2026-09-12,ambiguous,hard,PIP-A3-1213-WLD,PIP-A3-1213-ERC;PIP-A3-1213-WLD,,,,same,medium,review,type_ambiguous
IT-0215,dev,dpr,DPR-2026-09-12-piping,reports/dpr_2026-09-12_piping.txt,line=10;index=0,2026-09-12,piping,pipe support erection ongoing,progress,2026-09-12,EV-0219,2026-09-12,ambiguous,hard,PIP-A3-PS2-PSE,PIP-A1-PS1-PSE;PIP-A3-PS2-PSE;PIP-A3-PS3-PSE;PIP-A4-PS4-PSE,,,,same,medium,review,partial_description
IT-0216,dev,dpr,DPR-2026-09-12-piping,reports/dpr_2026-09-12_piping.txt,line=9;index=0,2026-09-12,piping,temp strainer P-101A suction compl.,finish,2026-09-12,,,unmatched,na,,,new_activity,NW-06,CGS-EXP-01.A3.PIP,same,low,unmatched,new_activity
IT-0217,dev,dpr,DPR-2026-09-12-piping,reports/dpr_2026-09-12_piping.txt,line=13;index=0,2026-09-12,piping,Piping erection in area 4 in progress,progress,2026-09-12,,,ambiguous,hard,,PIP-A4-1405-ERC;PIP-A4-1405-WLD,,,,coarser,medium,review,granularity_coarser
IT-0218,dev,dpr,DPR-2026-09-12-mechanical,reports/dpr_2026-09-12_mechanical.txt,line=10;index=0,2026-09-12,static_eq,V-102 erctn on fdn compl.,finish,2026-09-12,EV-0220,2026-09-12,matched,medium,SEQ-A1-V102-ERC,SEQ-A1-V102-ERC,,,,same,high,auto_apply,abbreviation;multi_item_line
IT-0219,dev,dpr,DPR-2026-09-12-mechanical,reports/dpr_2026-09-12_mechanical.txt,line=9;index=0,2026-09-12,static_eq,Alignment & grouting of E-101 finished today,finish,2026-09-12,EV-0221,2026-09-12,matched,easy,SEQ-A3-E101-GRT,SEQ-A3-E101-GRT,,,,same,high,auto_apply,
IT-0220,dev,dpr,DPR-2026-09-12-mechanical,reports/dpr_2026-09-12_mechanical.txt,line=10;index=1,2026-09-12,static_eq,Equipment erection work area 4 going on,progress,2026-09-12,,,ambiguous,hard,,SEQ-A4-T401-SH1;SEQ-A4-T402-SH1,,,,coarser,medium,review,granularity_coarser;multi_item_line
IT-0221,test,dpr,DPR-2026-09-12-electrical,reports/dpr_2026-09-12_electrical.txt,line=14;index=0,2026-09-12,electrical,"Cable laying LV cables area 3 on hold yday, cable drums not received",hold,2026-09-11,EV-0195,2026-09-11,matched,medium,ELE-A3-CLVA3-CBL,ELE-A3-CLVA3-CBL,,,,same,high,auto_apply,late_report;relative_date;terminology_variant
IT-0222,dev,dpr,DPR-2026-09-12-electrical,reports/dpr_2026-09-12_electrical.txt,line=11;index=0,2026-09-12,electrical,TR-1 HT cable khinchai chalu kiya,start,2026-09-12,EV-0206,2026-09-12,matched,medium,ELE-A2-CHTTR1-CBL,ELE-A2-CHTTR1-CBL,,,,same,high,auto_apply,hinglish
IT-0223,dev,dpr,DPR-2026-09-12-electrical,reports/dpr_2026-09-12_electrical.txt,line=10;index=0,2026-09-12,electrical,Erection of MCC-1 paanel done,finish,2026-09-12,EV-0209,2026-09-12,matched,medium,ELE-A2-MCC1-INS,ELE-A2-MCC1-INS,,,,same,high,auto_apply,typo
IT-0224,dev,dpr,DPR-2026-09-12-electrical,reports/dpr_2026-09-12_electrical.txt,line=9;index=0,2026-09-12,electrical,Cable laying in A2 in progress,progress,2026-09-12,,,ambiguous,hard,,ELE-A2-CMCC1-CBL;ELE-A2-CMCC1-TRM;ELE-A2-CMCC2-CBL;ELE-A2-CMCC2-TRM;ELE-A2-CHTTR1-CBL,,,,coarser,medium,review,granularity_coarser
IT-0225,dev,dpr,DPR-2026-09-12-instrumentation,reports/dpr_2026-09-12_instrumentation.txt,line=9;index=1,2026-09-12,instrumentation,Installation of FT-1101 at area 2 over,finish,2026-09-12,EV-0213,2026-09-12,matched,hard,INS-A1-FT1101-INS,INS-A1-FT1101-INS,,,,same,medium,review,duplicate_cross_source;multi_item_line;wrong_area
IT-0226,dev,dpr,DPR-2026-09-12-instrumentation,reports/dpr_2026-09-12_instrumentation.txt,line=10;index=0,2026-09-12,instrumentation,pressure transmitter mounting completed,finish,2026-09-12,EV-0215,2026-09-12,ambiguous,hard,INS-A1-PT1102-INS,INS-A1-PT1102-INS;INS-A1-PT1104-INS;INS-A3-PT2041-INS;INS-A3-PT2042-INS,,,,same,medium,review,duplicate_cross_source;partial_description
IT-0227,dev,dpr,DPR-2026-09-12-instrumentation,reports/dpr_2026-09-12_instrumentation.txt,line=9;index=0,2026-09-12,instrumentation,MC1 ongoing,progress,2026-09-12,EV-0216,2026-09-12,matched,hard,INS-A2-MC1-INS,INS-A2-MC1-INS,,,,same,medium,review,multi_item_line;tag_only
IT-0228,test,dpr,DPR-2026-09-14-civil,reports/dpr_2026-09-14_civil.txt,line=14;index=0,2026-09-14,civil,PCC+wall CT-S hold due to waterlogging after rain,hold,2026-09-14,EV-0223,2026-09-14,matched,medium,CIV-A2-CTS-WAL,CIV-A2-CTS-WAL,,,,same,high,auto_apply,abbreviation
IT-0229,test,dpr,DPR-2026-09-14-civil,reports/dpr_2026-09-14_civil.txt,line=10;index=0,2026-09-14,civil,Storm water drain Area-3 in progress,progress,2026-09-14,EV-0224,2026-09-14,matched,easy,CIV-A3-SWD3-SWD,CIV-A3-SWD3-SWD,,,,same,high,auto_apply,
IT-0230,test,dpr,DPR-2026-09-14-civil,reports/dpr_2026-09-14_civil.txt,line=9;index=0,2026-09-14,civil,pcc @ P104B start today,start,2026-09-14,,,unmatched,na,,,unknown_reference,,,same,low,unmatched,unknown_reference
IT-0231,test,dpr,DPR-2026-09-14-civil,reports/dpr_2026-09-14_civil.txt,line=11;index=0,2026-09-14,civil,Excavation of V-105 foundation completed,finish,2026-09-14,,,unmatched,na,,,unknown_reference,,,same,low,unmatched,unknown_reference
IT-0232,dev,dpr,DPR-2026-09-14-piping,reports/dpr_2026-09-14_piping.txt,line=18;index=0,2026-09-14,piping,"welding of 8"" recirculation line finished on 12/9",finish,2026-09-12,EV-0218,2026-09-12,matched,hard,PIP-A3-1217-WLD,PIP-A3-1217-WLD,,,,same,medium,review,explicit_date;late_report;partial_description
IT-0233,test,dpr,DPR-2026-09-14-piping,reports/dpr_2026-09-14_piping.txt,line=11;index=0,2026-09-14,piping,"Pipping erection line 8""-P-1104-A1A strtd",start,2026-09-14,EV-0236,2026-09-14,matched,medium,PIP-A1-1104-ERC,PIP-A1-1104-ERC,,,,same,high,auto_apply,multi_item_line;typo
IT-0234,test,dpr,DPR-2026-09-14-piping,reports/dpr_2026-09-14_piping.txt,line=9;index=0,2026-09-14,piping,Supp. erec PR-1 done,finish,2026-09-14,EV-0238,2026-09-14,matched,medium,PIP-A1-PS1-PSE,PIP-A1-PS1-PSE,,,,same,high,auto_apply,abbreviation
IT-0235,test,dpr,DPR-2026-09-14-piping,reports/dpr_2026-09-14_piping.txt,line=15;index=0,2026-09-14,piping,"Piping erection line 16""-P-1403-A1A started",start,2026-09-14,EV-0244,2026-09-14,matched,easy,PIP-A4-1403-ERC,PIP-A4-1403-ERC,,,,same,high,auto_apply,
IT-0236,test,dpr,DPR-2026-09-14-piping,reports/dpr_2026-09-14_piping.txt,line=13;index=1,2026-09-14,piping,"erection of 10"" tank drain line back on track today",resume,2026-09-14,EV-0246,2026-09-14,matched,hard,PIP-A4-1405-ERC,PIP-A4-1405-ERC,,,,same,medium,review,multi_item_line;partial_description
IT-0237,test,dpr,DPR-2026-09-14-piping,reports/dpr_2026-09-14_piping.txt,line=16;index=0,2026-09-14,piping,Reinst. F-1407 strtd,start,2026-09-14,EV-0247,2026-09-14,matched,medium,PIP-A4-1407-RST,PIP-A4-1407-RST,,,,same,high,auto_apply,abbreviation
IT-0238,test,dpr,DPR-2026-09-14-piping,reports/dpr_2026-09-14_piping.txt,line=10;index=0,2026-09-14,piping,"Piping erection line 24""-P-1203-A1A – 2 spools erected",progress,2026-09-14,EV-0239,2026-09-14,matched,easy,PIP-A3-1203-ERC,PIP-A3-1203-ERC,,,,finer,high,auto_apply,duplicate_cross_source;granularity_finer
IT-0239,test,dpr,DPR-2026-09-14-piping,reports/dpr_2026-09-14_piping.txt,line=17;index=0,2026-09-14,piping,"Piping eretcion line 16""-P-1207-A1A – 2 spools erected today",progress,2026-09-14,EV-0240,2026-09-14,matched,medium,PIP-A3-1207-ERC,PIP-A3-1207-ERC,,,,finer,high,auto_apply,duplicate_cross_source;granularity_finer;typo
IT-0240,test,dpr,DPR-2026-09-14-piping,reports/dpr_2026-09-14_piping.txt,line=14;index=0,2026-09-14,piping,Pipe laying on rack for line 1213 – 2 spools erected,progress,2026-09-14,EV-0241,2026-09-14,matched,medium,PIP-A3-1213-ERC,PIP-A3-1213-ERC,,,,finer,high,auto_apply,duplicate_cross_source;granularity_finer;terminology_variant
IT-0241,test,dpr,DPR-2026-09-14-piping,reports/dpr_2026-09-14_piping.txt,line=13;index=0,2026-09-14,piping,"Welding & NDT of line 10""-W-1215-A1A in progress",progress,2026-09-14,EV-0242,2026-09-14,matched,easy,PIP-A3-1215-WLD,PIP-A3-1215-WLD,,,,same,high,auto_apply,multi_item_line
IT-0242,test,dpr,DPR-2026-09-14-piping,reports/dpr_2026-09-14_piping.txt,line=11;index=1,2026-09-14,piping,extra support AS-17 PR-2 clash done,finish,2026-09-14,,,unmatched,na,,,new_activity,NW-04,CGS-EXP-01.A3.PIP,same,low,unmatched,multi_item_line;new_activity
IT-0243,test,dpr,DPR-2026-09-14-piping,reports/dpr_2026-09-14_piping.txt,line=12;index=0,2026-09-14,piping,Pipe rack piping work A4 going on,progress,2026-09-14,,,ambiguous,hard,,PIP-A4-1403-ERC;PIP-A4-1405-ERC;PIP-A4-1405-WLD,,,,coarser,medium,review,granularity_coarser
IT-0244,test,dpr,DPR-2026-09-14-mechanical,reports/dpr_2026-09-14_mechanical.txt,line=2;index=1,2026-09-14,static_eq,V-105 erctn on fdn done,finish,2026-09-14,,,unmatched,na,,,unknown_reference,,,same,low,unmatched,multi_item_line;unknown_reference
IT-0245,test,dpr,DPR-2026-09-14-mechanical,reports/dpr_2026-09-14_mechanical.txt,line=2;index=0,2026-09-14,static_eq,Equipment erection work area 4 going on,progress,2026-09-14,,,ambiguous,hard,,SEQ-A4-T401-SH1;SEQ-A4-T402-SH1,,,,coarser,medium,review,granularity_coarser;multi_item_line
IT-0246,test,dpr,DPR-2026-09-14-electrical,reports/dpr_2026-09-14_electrical.txt,line=10;index=0,2026-09-14,electrical,work at MCC-2 completed,finish,2026-09-14,EV-0228,2026-09-14,ambiguous,hard,ELE-A2-CMCC2-CBL,ELE-A2-CMCC2-CBL;ELE-A2-CMCC2-TRM,,,,same,medium,review,multi_item_line;type_ambiguous
IT-0247,test,dpr,DPR-2026-09-14-electrical,reports/dpr_2026-09-14_electrical.txt,line=9;index=0,2026-09-14,electrical,Cable termination work MCC-2 cables – 1 cable terminated,progress,2026-09-14,EV-0229,2026-09-14,matched,medium,ELE-A2-CMCC2-TRM,ELE-A2-CMCC2-TRM,,,,finer,high,auto_apply,duplicate_cross_source;granularity_finer;terminology_variant
IT-0248,test,dpr,DPR-2026-09-14-electrical,reports/dpr_2026-09-14_electrical.txt,line=10;index=1,2026-09-14,electrical,Earth pit instlalation area 1 in prog.,progress,2026-09-14,EV-0226,2026-09-14,matched,medium,ELE-A1-ERT1-ERT,ELE-A1-ERT1-ERT,,,,same,high,auto_apply,multi_item_line;typo
IT-0249,dev,dpr,DPR-2026-09-14-instrumentation,reports/dpr_2026-09-14_instrumentation.txt,line=2;index=0,2026-09-14,instrumentation,jb-102 completed on 12/9,finish,2026-09-12,EV-0214,2026-09-12,matched,hard,INS-A1-JB102-INS,INS-A1-JB102-INS,,,,same,medium,review,explicit_date;late_report;multi_item_line;tag_only
IT-0250,test,dpr,DPR-2026-09-14-instrumentation,reports/dpr_2026-09-14_instrumentation.txt,line=2;index=1,2026-09-14,instrumentation,marshalling panel mc-1 positioning at area 3 finished today,finish,2026-09-14,EV-0233,2026-09-14,matched,hard,INS-A2-MC1-INS,INS-A2-MC1-INS,,,,same,medium,review,multi_item_line;wrong_area
IT-0251,test,dpr,DPR-2026-09-14-instrumentation,reports/dpr_2026-09-14_instrumentation.txt,line=3;index=2,2026-09-14,instrumentation,inst. cbl a-3 compl.,finish,2026-09-14,EV-0234,2026-09-14,matched,medium,INS-A3-ICB3-ICB,INS-A3-ICB3-ICB,,,,same,high,auto_apply,abbreviation;multi_item_line
IT-0252,test,dpr,DPR-2026-09-14-instrumentation,reports/dpr_2026-09-14_instrumentation.txt,line=3;index=0,2026-09-14,instrumentation,tt 4013 mtd start today,start,2026-09-14,EV-0235,2026-09-14,matched,medium,INS-A4-TT4013-INS,INS-A4-TT4013-INS,,,,same,high,auto_apply,abbreviation;multi_item_line
IT-0253,test,dpr,DPR-2026-09-14-instrumentation,reports/dpr_2026-09-14_instrumentation.txt,line=3;index=1,2026-09-14,instrumentation,relocation of pt-2042 stand due to access issue completed,finish,2026-09-14,,,unmatched,na,,,new_activity,NW-10,CGS-EXP-01.A3.INS,same,low,unmatched,multi_item_line;new_activity
IT-0254,dev,dpr,DPR-2026-09-14-hse,reports/dpr_2026-09-14_hse.txt,line=15;index=0,2026-09-14,hse,Hydrants A-3 hold on 12/09/26 – hot work permit pending,hold,2026-09-12,EV-0211,2026-09-12,matched,medium,HSE-A3-HYD3-HYD,HSE-A3-HYD3-HYD,,,,same,high,auto_apply,abbreviation;explicit_date;late_report
IT-0255,dev,dpr,DPR-2026-09-14-hse,reports/dpr_2026-09-14_hse.txt,line=10;index=0,2026-09-14,hse,Fire hydrants & monitors in Area-4 begun on 12.09.26,start,2026-09-12,EV-0212,2026-09-12,matched,easy,HSE-A4-HYD4-HYD,HSE-A4-HYD4-HYD,,,,same,high,auto_apply,explicit_date;late_report
IT-0256,test,dpr,DPR-2026-09-14-hse,reports/dpr_2026-09-14_hse.txt,line=11;index=0,2026-09-14,hse,Installation of safety shower SS-101 commenced,start,2026-09-14,EV-0231,2026-09-14,matched,easy,HSE-A1-SS101-INS,HSE-A1-SS101-INS,,,,same,high,auto_apply,
IT-0257,test,dpr,DPR-2026-09-14-hse,reports/dpr_2026-09-14_hse.txt,line=16;index=0,2026-09-14,hse,"Hydrants A-4 hold, excavation permit awaited",hold,2026-09-14,EV-0232,2026-09-14,matched,medium,HSE-A4-HYD4-HYD,HSE-A4-HYD4-HYD,,,,same,high,auto_apply,abbreviation
IT-0258,dev,dpr,DPR-2026-09-14-hse,reports/dpr_2026-09-14_hse.txt,line=9;index=0,2026-09-14,hse,barricading near P-102B pit done on 12/9,finish,2026-09-12,,,unmatched,na,,,new_activity,NW-11,CGS-EXP-01.A3.HSE,same,low,unmatched,explicit_date;new_activity
IT-0259,dev,dpr,DPR-2026-09-14-hse,reports/dpr_2026-09-14_hse.txt,line=12;index=0,2026-09-14,hse,SS305 instln start on 12/9,start,2026-09-12,,,unmatched,na,,,unknown_reference,,,same,low,unmatched,explicit_date;unknown_reference
IT-0260,dev,dpr,DPR-2026-09-15-civil,reports/dpr_2026-09-15_civil.txt,line=10;index=0,2026-09-15,civil,Concreting V-101 fdn strtd at 8.30 am today,start,2026-09-15,EV-0248,2026-09-15,matched,medium,CIV-A1-V101-RCC,CIV-A1-V101-RCC,,,,same,high,auto_apply,abbreviation
IT-0261,dev,dpr,DPR-2026-09-15-civil,reports/dpr_2026-09-15_civil.txt,line=9;index=0,2026-09-15,civil,SWD A3 WIP today,progress,2026-09-15,EV-0249,2026-09-15,matched,medium,CIV-A3-SWD3-SWD,CIV-A3-SWD3-SWD,,,,same,high,auto_apply,abbreviation;multi_item_line
IT-0262,dev,dpr,DPR-2026-09-15-civil,reports/dpr_2026-09-15_civil.txt,line=9;index=1,2026-09-15,civil,V-102 pedestal honeycomb repair done,finish,2026-09-15,,,unmatched,na,,,new_activity,NW-03,CGS-EXP-01.A1.CIV,same,low,unmatched,multi_item_line;new_activity
IT-0263,test,dpr,DPR-2026-09-15-piping,reports/dpr_2026-09-15_piping.txt,line=9;index=0,2026-09-15,piping,Supp. erec PR-2 compl. on 14-Sep,finish,2026-09-14,EV-0243,2026-09-14,matched,medium,PIP-A3-PS2-PSE,PIP-A3-PS2-PSE,,,,same,high,auto_apply,explicit_date;late_report;typo
IT-0264,dev,dpr,DPR-2026-09-15-piping,reports/dpr_2026-09-15_piping.txt,line=12;index=0,2026-09-15,piping,"work at 6""-W-1105-A1A over",finish,2026-09-15,EV-0263,2026-09-15,ambiguous,hard,PIP-A1-1105-WLD,PIP-A1-1105-WLD;PIP-A1-1105-HT,,,,same,medium,review,type_ambiguous
IT-0265,dev,dpr,DPR-2026-09-15-piping,reports/dpr_2026-09-15_piping.txt,line=10;index=0,2026-09-15,piping,HT P-1211 strtd at 8.30 am today,start,2026-09-15,EV-0264,2026-09-15,matched,medium,PIP-A3-1211-HT,PIP-A3-1211-HT,,,,same,high,auto_apply,abbreviation
IT-0266,dev,dpr,DPR-2026-09-15-piping,reports/dpr_2026-09-15_piping.txt,line=11;index=0,2026-09-15,piping,Pipe rack piping work Area-4 in progress,progress,2026-09-15,,,ambiguous,hard,,PIP-A4-1403-ERC;PIP-A4-1405-ERC;PIP-A4-1405-WLD,,,,coarser,medium,review,granularity_coarser
IT-0267,dev,dpr,DPR-2026-09-15-mechanical,reports/dpr_2026-09-15_mechanical.txt,line=10;index=1,2026-09-15,static_eq,V-102 job started,start,2026-09-15,EV-0267,2026-09-15,ambiguous,hard,SEQ-A1-V102-GRT,SEQ-A1-V102-ERC;SEQ-A1-V102-GRT;SEQ-A1-V102-INT,,,,same,medium,review,multi_item_line;type_ambiguous
IT-0268,dev,dpr,DPR-2026-09-15-mechanical,reports/dpr_2026-09-15_mechanical.txt,line=9;index=0,2026-09-15,static_eq,Shell crs 1-3 T-401 done today,finish,2026-09-15,EV-0269,2026-09-15,matched,medium,SEQ-A4-T401-SH1,SEQ-A4-T401-SH1,,,,same,high,auto_apply,abbreviation
IT-0269,dev,dpr,DPR-2026-09-15-mechanical,reports/dpr_2026-09-15_mechanical.txt,line=10;index=0,2026-09-15,static_eq,Equipment erection work A4 ongoing,progress,2026-09-15,,,ambiguous,hard,,SEQ-A4-T401-SH1;SEQ-A4-T402-SH1,,,,coarser,medium,review,granularity_coarser;multi_item_line
IT-0270,dev,dpr,DPR-2026-09-15-electrical,reports/dpr_2026-09-15_electrical.txt,line=9;index=0,2026-09-15,electrical,power cable laying back on track,resume,2026-09-15,EV-0254,2026-09-15,ambiguous,hard,ELE-A3-CLVA3-CBL,ELE-A2-CMCC1-CBL;ELE-A2-CMCC2-CBL;ELE-A1-CLVA1-CBL;ELE-A3-CLVA3-CBL;ELE-A4-CLVA4-CBL;ELE-A2-CHTTR1-CBL;ELE-A2-CHTTR2-CBL,,,,same,medium,review,partial_description
IT-0271,dev,dpr,DPR-2026-09-15-electrical,reports/dpr_2026-09-15_electrical.txt,line=14;index=0,2026-09-15,electrical,Termn A3 LV cbls start at 8.30 am,start,2026-09-15,EV-0255,2026-09-15,matched,medium,ELE-A3-CLVA3-TRM,ELE-A3-CLVA3-TRM,,,,same,high,auto_apply,abbreviation
IT-0272,dev,dpr,DPR-2026-09-15-electrical,reports/dpr_2026-09-15_electrical.txt,line=11;index=0,2026-09-15,electrical,Glanding & termination for MCC-2 incomer & feeders – 2 cables terminated,progress,2026-09-15,EV-0252,2026-09-15,matched,easy,ELE-A2-CMCC2-TRM,ELE-A2-CMCC2-TRM,,,,finer,high,auto_apply,duplicate_cross_source;granularity_finer
IT-0273,dev,dpr,DPR-2026-09-15-electrical,reports/dpr_2026-09-15_electrical.txt,line=13;index=0,2026-09-15,electrical,LV cables area 1 work – 380 m pulled today,progress,2026-09-15,EV-0250,2026-09-15,ambiguous,hard,ELE-A1-CLVA1-CBL,ELE-A1-CLVA1-CBL;ELE-A1-CLVA1-TRM,,,,finer,medium,review,duplicate_cross_source;granularity_finer;type_ambiguous
IT-0274,dev,dpr,DPR-2026-09-15-electrical,reports/dpr_2026-09-15_electrical.txt,line=12;index=0,2026-09-15,electrical,Cable laying LV cables area 4 – 195 m pulled today,progress,2026-09-15,EV-0257,2026-09-15,matched,medium,ELE-A4-CLVA4-CBL,ELE-A4-CLVA4-CBL,,,,finer,high,auto_apply,duplicate_cross_source;granularity_finer;terminology_variant
IT-0275,dev,dpr,DPR-2026-09-15-electrical,reports/dpr_2026-09-15_electrical.txt,line=10;index=0,2026-09-15,electrical,Electrical works area 1 ongoing,progress,2026-09-15,,,ambiguous,hard,,ELE-A1-CLVA1-CBL;ELE-A1-ERT1-ERT,,,,coarser,medium,review,granularity_coarser
IT-0276,dev,dpr,DPR-2026-09-15-instrumentation,reports/dpr_2026-09-15_instrumentation.txt,line=10;index=0,2026-09-15,instrumentation,SS tubinng hook-up flow transmitter 1101 start,start,2026-09-15,EV-0258,2026-09-15,matched,medium,INS-A1-FT1101-TUB,INS-A1-FT1101-TUB,,,,same,high,auto_apply,typo
IT-0277,dev,dpr,DPR-2026-09-15-instrumentation,reports/dpr_2026-09-15_instrumentation.txt,line=9;index=0,2026-09-15,instrumentation,PT 1102 job commenced,start,2026-09-15,EV-0260,2026-09-15,ambiguous,hard,INS-A1-PT1102-TUB,INS-A1-PT1102-INS;INS-A1-PT1102-TUB,,,,same,medium,review,type_ambiguous
IT-0278,dev,dpr,DPR-2026-09-15-instrumentation,reports/dpr_2026-09-15_instrumentation.txt,line=12;index=0,2026-09-15,instrumentation,Mounting of pressure transmitter 2042 on stand begun today,start,2026-09-15,EV-0261,2026-09-15,matched,medium,INS-A3-PT2042-INS,INS-A3-PT2042-INS,,,,same,high,auto_apply,terminology_variant
IT-0279,dev,dpr,DPR-2026-09-15-instrumentation,reports/dpr_2026-09-15_instrumentation.txt,line=11;index=0,2026-09-15,instrumentation,Instrument installation A1 in progress,progress,2026-09-15,,,ambiguous,hard,,INS-A1-FT1101-TUB;INS-A1-PT1102-TUB,,,,coarser,medium,review,granularity_coarser
IT-0280,test,dpr,DPR-2026-09-16-civil,reports/dpr_2026-09-16_civil.txt,line=10;index=0,2026-09-16,civil,V-101 foundation ki dhalai ho gaya,finish,2026-09-16,EV-0270,2026-09-16,matched,medium,CIV-A1-V101-RCC,CIV-A1-V101-RCC,,,,same,high,auto_apply,hinglish
IT-0281,test,dpr,DPR-2026-09-16-civil,reports/dpr_2026-09-16_civil.txt,line=9;index=0,2026-09-16,civil,PCC+wall CT-S restarted,resume,2026-09-16,EV-0271,2026-09-16,matched,medium,CIV-A2-CTS-WAL,CIV-A2-CTS-WAL,,,,same,high,auto_apply,typo
IT-0282,test,dpr,DPR-2026-09-16-piping,reports/dpr_2026-09-16_piping.txt,line=9;index=0,2026-09-16,piping,"erection of 24"" crude inlet header taken up",start,2026-09-16,EV-0287,2026-09-16,matched,hard,PIP-A1-1101-ERC,PIP-A1-1101-ERC,,,,same,medium,review,multi_item_line;partial_description
IT-0283,test,dpr,DPR-2026-09-16-piping,reports/dpr_2026-09-16_piping.txt,line=12;index=0,2026-09-16,piping,"Hydrotest of line 16""-P-1211-A1A over today",finish,2026-09-16,EV-0291,2026-09-16,matched,easy,PIP-A3-1211-HT,PIP-A3-1211-HT,,,,same,high,auto_apply,
IT-0284,test,dpr,DPR-2026-09-16-piping,reports/dpr_2026-09-16_piping.txt,line=14;index=0,2026-09-16,piping,Hydro L1217 strtd,start,2026-09-16,EV-0293,2026-09-16,matched,medium,PIP-A3-1217-HT,PIP-A3-1217-HT,,,,same,high,auto_apply,abbreviation
IT-0285,test,dpr,DPR-2026-09-16-piping,reports/dpr_2026-09-16_piping.txt,line=10;index=0,2026-09-16,piping,"Welding & NDT of line 16""-P-1403-A1A taken up today",start,2026-09-16,EV-0294,2026-09-16,matched,easy,PIP-A4-1403-WLD,PIP-A4-1403-WLD,,,,same,high,auto_apply,multi_item_line
IT-0286,test,dpr,DPR-2026-09-16-piping,reports/dpr_2026-09-16_piping.txt,line=13;index=0,2026-09-16,piping,1407 reinstatement ka kaam ho gaya,finish,2026-09-16,EV-0296,2026-09-16,matched,medium,PIP-A4-1407-RST,PIP-A4-1407-RST,,,,same,high,auto_apply,hinglish
IT-0287,test,dpr,DPR-2026-09-16-piping,reports/dpr_2026-09-16_piping.txt,line=11;index=0,2026-09-16,piping,Erec L1207 – 1 spool erected,progress,2026-09-16,EV-0290,2026-09-16,matched,medium,PIP-A3-1207-ERC,PIP-A3-1207-ERC,,,,finer,high,auto_apply,abbreviation;duplicate_cross_source;granularity_finer
IT-0288,test,dpr,DPR-2026-09-16-piping,reports/dpr_2026-09-16_piping.txt,line=9;index=1,2026-09-16,piping,Pipe laying on rack for 1215 line – 2 spools erected today,progress,2026-09-16,EV-0292,2026-09-16,matched,medium,PIP-A3-1215-ERC,PIP-A3-1215-ERC,,,,finer,high,auto_apply,duplicate_cross_source;granularity_finer;multi_item_line;terminology_variant
IT-0289,test,dpr,DPR-2026-09-16-piping,reports/dpr_2026-09-16_piping.txt,line=10;index=1,2026-09-16,piping,work at line 1405 ongoing,progress,2026-09-16,EV-0295,2026-09-16,ambiguous,hard,PIP-A4-1405-WLD,PIP-A4-1405-ERC;PIP-A4-1405-WLD,,,,same,medium,review,multi_item_line;type_ambiguous
IT-0290,test,dpr,DPR-2026-09-16-mechanical,reports/dpr_2026-09-16_mechanical.txt,line=2;index=1,2026-09-16,rotating_eq,Lube oil flushing of K-301 commenced from 10 am today,start,2026-09-16,EV-0297,2026-09-16,matched,easy,ROT-A1-K301-LUB,ROT-A1-K301-LUB,,,,same,high,auto_apply,multi_item_line
IT-0291,test,dpr,DPR-2026-09-16-mechanical,reports/dpr_2026-09-16_mechanical.txt,line=2;index=0,2026-09-16,rotating_eq,Pump P102B placement compl.,finish,2026-09-16,EV-0299,2026-09-16,matched,medium,ROT-A3-P102B-SET,ROT-A3-P102B-SET,,,,same,high,auto_apply,abbreviation;multi_item_line
IT-0292,test,dpr,DPR-2026-09-16-electrical,reports/dpr_2026-09-16_electrical.txt,line=13;index=0,2026-09-16,electrical,work at LV cables area 1 started @ 14:00 today,start,2026-09-16,EV-0272,2026-09-16,ambiguous,hard,ELE-A1-CLVA1-TRM,ELE-A1-CLVA1-CBL;ELE-A1-CLVA1-TRM,,,,same,medium,review,type_ambiguous
IT-0293,test,dpr,DPR-2026-09-16-electrical,reports/dpr_2026-09-16_electrical.txt,line=9;index=0,2026-09-16,electrical,11 kV HT cable to TR-2 work commenced,start,2026-09-16,EV-0274,2026-09-16,ambiguous,hard,ELE-A2-CHTTR2-CBL,ELE-A2-CHTTR2-CBL;ELE-A2-CHTTR2-TRM,,,,same,medium,review,type_ambiguous
IT-0294,test,dpr,DPR-2026-09-16-electrical,reports/dpr_2026-09-16_electrical.txt,line=10;index=0,2026-09-16,electrical,Cbl pulling MCC-1 – 125 m pulled,progress,2026-09-16,EV-0276,2026-09-16,matched,medium,ELE-A2-CMCC1-CBL,ELE-A2-CMCC1-CBL,,,,finer,high,auto_apply,abbreviation;duplicate_cross_source;granularity_finer
IT-0295,test,dpr,DPR-2026-09-16-electrical,reports/dpr_2026-09-16_electrical.txt,line=11;index=0,2026-09-16,electrical,Termn MCC-1 – 3 cables terminated,progress,2026-09-16,EV-0277,2026-09-16,matched,medium,ELE-A2-CMCC1-TRM,ELE-A2-CMCC1-TRM,,,,finer,high,auto_apply,abbreviation;duplicate_cross_source;granularity_finer
IT-0296,test,dpr,DPR-2026-09-16-electrical,reports/dpr_2026-09-16_electrical.txt,line=12;index=0,2026-09-16,electrical,Electrical works area 3 in progress,progress,2026-09-16,,,ambiguous,hard,,ELE-A3-CLVA3-CBL;ELE-A3-CLVA3-TRM,,,,coarser,medium,review,granularity_coarser
IT-0297,dev,dpr,DPR-2026-09-16-instrumentation,reports/dpr_2026-09-16_instrumentation.txt,line=12;index=0,2026-09-16,instrumentation,instrument cable laying commenced yday,start,2026-09-15,EV-0259,2026-09-15,ambiguous,hard,INS-A1-ICB1-ICB,INS-A1-ICB1-ICB;INS-A3-ICB3-ICB;INS-A4-ICB4-ICB,,,,same,medium,review,late_report;partial_description;relative_date
IT-0298,test,dpr,DPR-2026-09-16-instrumentation,reports/dpr_2026-09-16_instrumentation.txt,line=9;index=0,2026-09-16,instrumentation,flow transmitter 1101 job completed,finish,2026-09-16,EV-0282,2026-09-16,ambiguous,hard,INS-A1-FT1101-TUB,INS-A1-FT1101-INS;INS-A1-FT1101-TUB,,,,same,medium,review,duplicate_cross_source;type_ambiguous
IT-0299,test,dpr,DPR-2026-09-16-instrumentation,reports/dpr_2026-09-16_instrumentation.txt,line=13;index=0,2026-09-16,instrumentation,flow transmitter 2033 stand fixing & mounting started,start,2026-09-16,EV-0283,2026-09-16,matched,medium,INS-A3-FT2033-INS,INS-A3-FT2033-INS,,,,same,high,auto_apply,multi_item_line;terminology_variant
IT-0300,test,dpr,DPR-2026-09-16-instrumentation,reports/dpr_2026-09-16_instrumentation.txt,line=10;index=0,2026-09-16,instrumentation,Installation of PT-2042 completed,finish,2026-09-16,EV-0284,2026-09-16,matched,easy,INS-A3-PT2042-INS,INS-A3-PT2042-INS,,,,same,high,auto_apply,duplicate_cross_source
IT-0301,test,dpr,DPR-2026-09-16-instrumentation,reports/dpr_2026-09-16_instrumentation.txt,line=13;index=1,2026-09-16,instrumentation,Inst. cbl A4 strtd @ 14:00,start,2026-09-16,EV-0285,2026-09-16,matched,medium,INS-A4-ICB4-ICB,INS-A4-ICB4-ICB,,,,same,high,auto_apply,abbreviation;multi_item_line
IT-0302,test,dpr,DPR-2026-09-16-instrumentation,reports/dpr_2026-09-16_instrumentation.txt,line=11;index=0,2026-09-16,instrumentation,TT4013 instln compl.,finish,2026-09-16,EV-0286,2026-09-16,matched,medium,INS-A4-TT4013-INS,INS-A4-TT4013-INS,,,,same,high,auto_apply,abbreviation;duplicate_cross_source
IT-0303,test,dpr,DPR-2026-09-16-hse,reports/dpr_2026-09-16_hse.txt,line=10;index=0,2026-09-16,hse,safety shower fixing completed,finish,2026-09-16,EV-0279,2026-09-16,ambiguous,hard,HSE-A1-SS101-INS,HSE-A1-SS101-INS;HSE-A3-SS301-INS,,,,same,medium,review,partial_description
IT-0304,test,dpr,DPR-2026-09-16-hse,reports/dpr_2026-09-16_hse.txt,line=9;index=1,2026-09-16,hse,Fire hydrants & monitors in Area-3 resumed today,resume,2026-09-16,EV-0280,2026-09-16,matched,easy,HSE-A3-HYD3-HYD,HSE-A3-HYD3-HYD,,,,same,high,auto_apply,multi_item_line
IT-0305,test,dpr,DPR-2026-09-16-hse,reports/dpr_2026-09-16_hse.txt,line=9;index=0,2026-09-16,hse,Hydrant & monitor erection area 1 going on,progress,2026-09-16,EV-0278,2026-09-16,matched,medium,HSE-A1-HYD1-HYD,HSE-A1-HYD1-HYD,,,,same,high,auto_apply,multi_item_line;terminology_variant
IT-0306,dev,spreadsheet,XLS-piping-spool-tracker,spreadsheets/piping_spool_erection_tracker.xlsx,sheet=Spool Tracker;row=5,2026-09-01,piping,"8""-F-1407-F1A | 1407-SP-09 | 2026-09-01 | Erected",progress,2026-09-01,EV-0013,2026-09-01,matched,easy,PIP-A4-1407-ERC,PIP-A4-1407-ERC,,,,finer,high,auto_apply,granularity_finer
IT-0307,test,spreadsheet,XLS-piping-spool-tracker,spreadsheets/piping_spool_erection_tracker.xlsx,sheet=Spool Tracker;row=6,2026-09-03,piping,"16""-P-1211-A1A | 1211-SP-02 | 2026-09-03 | Erected",progress,2026-09-03,EV-0034,2026-09-02,matched,hard,PIP-A3-1211-ERC,PIP-A3-1211-ERC,,,,finer,medium,review,conflicting_date;duplicate_cross_source;granularity_finer
IT-0308,test,spreadsheet,XLS-piping-spool-tracker,spreadsheets/piping_spool_erection_tracker.xlsx,sheet=Spool Tracker;row=7,2026-09-03,piping,"8""-P-1217-A1A | 1217-SP-06 | 2026-09-03 | Erected",progress,2026-09-03,EV-0035,2026-09-02,matched,hard,PIP-A3-1217-ERC,PIP-A3-1217-ERC,,,,finer,medium,review,conflicting_date;granularity_finer
IT-0309,dev,spreadsheet,XLS-piping-spool-tracker,spreadsheets/piping_spool_erection_tracker.xlsx,sheet=Spool Tracker;row=8,2026-09-03,piping,W-1215 | 1215-SP-01 | 2026-09-03 | Done,progress,2026-09-03,EV-0053,2026-09-03,matched,medium,PIP-A3-1215-ERC,PIP-A3-1215-ERC,,,,finer,high,auto_apply,abbreviation;duplicate_cross_source;granularity_finer
IT-0310,dev,spreadsheet,XLS-piping-spool-tracker,spreadsheets/piping_spool_erection_tracker.xlsx,sheet=Spool Tracker;row=9,2026-09-03,piping,"10""-W-1215-A1A | 1215-SP-02 | 2026-09-03 | ✓",progress,2026-09-03,EV-0053,2026-09-03,matched,easy,PIP-A3-1215-ERC,PIP-A3-1215-ERC,,,,finer,high,auto_apply,duplicate_cross_source;granularity_finer
IT-0311,dev,spreadsheet,XLS-piping-spool-tracker,spreadsheets/piping_spool_erection_tracker.xlsx,sheet=Spool Tracker;row=10,2026-09-03,piping,"8""-P-1217-A1A | 1217-SP-07 | 2026-09-03 | Done",progress,2026-09-03,EV-0054,2026-09-03,matched,easy,PIP-A3-1217-ERC,PIP-A3-1217-ERC,,,,finer,high,auto_apply,duplicate_cross_source;granularity_finer
IT-0312,test,spreadsheet,XLS-piping-spool-tracker,spreadsheets/piping_spool_erection_tracker.xlsx,sheet=Spool Tracker;row=11,2026-09-04,piping,1105 | 1105-SP-02 | 2026-09-04 | ✓,progress,2026-09-04,EV-0071,2026-09-04,matched,medium,PIP-A1-1105-ERC,PIP-A1-1105-ERC,,,,finer,high,auto_apply,abbreviation;duplicate_cross_source;granularity_finer
IT-0313,test,spreadsheet,XLS-piping-spool-tracker,spreadsheets/piping_spool_erection_tracker.xlsx,sheet=Spool Tracker;row=12,2026-09-04,piping,"16""-P-1211-A1A | 1211-SP-03 | 2026-09-04 | erected",progress,2026-09-04,EV-0073,2026-09-04,matched,easy,PIP-A3-1211-ERC,PIP-A3-1211-ERC,,,,finer,high,auto_apply,granularity_finer
IT-0314,test,spreadsheet,XLS-piping-spool-tracker,spreadsheets/piping_spool_erection_tracker.xlsx,sheet=Spool Tracker;row=13,2026-09-04,piping,"10""-W-1215-A1A | 1215-SP-03 | 2026-09-04 | erected",progress,2026-09-04,EV-0075,2026-09-04,matched,easy,PIP-A3-1215-ERC,PIP-A3-1215-ERC,,,,finer,high,auto_apply,duplicate_cross_source;granularity_finer
IT-0315,test,spreadsheet,XLS-piping-spool-tracker,spreadsheets/piping_spool_erection_tracker.xlsx,sheet=Spool Tracker;row=14,2026-09-05,piping,P-1217 | 1217-SP-08 | 05/09/26 | Done,progress,2026-09-05,EV-0076,2026-09-04,matched,hard,PIP-A3-1217-ERC,PIP-A3-1217-ERC,,,,finer,medium,review,abbreviation;conflicting_date;duplicate_cross_source;granularity_finer
IT-0316,dev,spreadsheet,XLS-piping-spool-tracker,spreadsheets/piping_spool_erection_tracker.xlsx,sheet=Spool Tracker;row=15,2026-09-07,piping,W-1105 | 1105-SP-03 | 2026-09-07 | Done,progress,2026-09-07,EV-0090,2026-09-05,matched,hard,PIP-A1-1105-ERC,PIP-A1-1105-ERC,,,,finer,medium,review,abbreviation;conflicting_date;granularity_finer
IT-0317,dev,spreadsheet,XLS-piping-spool-tracker,spreadsheets/piping_spool_erection_tracker.xlsx,sheet=Spool Tracker;row=16,2026-09-05,piping,"6""-W-1105-A1A | 1105-SP-04 | 2026-09-05 | Erected",progress,2026-09-05,EV-0090,2026-09-05,matched,easy,PIP-A1-1105-ERC,PIP-A1-1105-ERC,,,,finer,high,auto_apply,granularity_finer
IT-0318,dev,spreadsheet,XLS-piping-spool-tracker,spreadsheets/piping_spool_erection_tracker.xlsx,sheet=Spool Tracker;row=17,2026-09-05,piping,"10""-W-1215-A1A | 1215-SP-04 | 2026-09-05 | Erected",progress,2026-09-05,EV-0093,2026-09-05,matched,easy,PIP-A3-1215-ERC,PIP-A3-1215-ERC,,,,finer,high,auto_apply,duplicate_cross_source;granularity_finer
IT-0319,dev,spreadsheet,XLS-piping-spool-tracker,spreadsheets/piping_spool_erection_tracker.xlsx,sheet=Spool Tracker;row=18,2026-09-07,piping,"8""-P-1217-A1A | 1217-SP-09 | 2026-09-07 | Done",progress,2026-09-07,EV-0094,2026-09-05,matched,hard,PIP-A3-1217-ERC,PIP-A3-1217-ERC,,,,finer,medium,review,conflicting_date;granularity_finer
IT-0320,dev,spreadsheet,XLS-piping-spool-tracker,spreadsheets/piping_spool_erection_tracker.xlsx,sheet=Spool Tracker;row=19,2026-09-05,piping,"10""-W-1405-A1A | 1405-SP-01 | 2026-09-05 | erected",progress,2026-09-05,EV-0098,2026-09-05,matched,easy,PIP-A4-1405-ERC,PIP-A4-1405-ERC,,,,finer,high,auto_apply,granularity_finer
IT-0321,dev,spreadsheet,XLS-piping-spool-tracker,spreadsheets/piping_spool_erection_tracker.xlsx,sheet=Spool Tracker;row=20,2026-09-05,piping,"10""-W-1405-A1A | 1405-SP-02 | 05.09.2026 | Erected",progress,2026-09-05,EV-0098,2026-09-05,matched,easy,PIP-A4-1405-ERC,PIP-A4-1405-ERC,,,,finer,high,auto_apply,granularity_finer
IT-0322,dev,spreadsheet,XLS-piping-spool-tracker,spreadsheets/piping_spool_erection_tracker.xlsx,sheet=Spool Tracker;row=21,2026-09-05,piping,W-1405 | 1405-SP-03 | 2026-09-05 | ✓,progress,2026-09-05,EV-0098,2026-09-05,matched,medium,PIP-A4-1405-ERC,PIP-A4-1405-ERC,,,,finer,high,auto_apply,abbreviation;granularity_finer
IT-0323,test,spreadsheet,XLS-piping-spool-tracker,spreadsheets/piping_spool_erection_tracker.xlsx,sheet=Spool Tracker;row=22,2026-09-07,piping,"6""-W-1105-A1A | 1105-SP-05 | 2026-09-07 | ✓",progress,2026-09-07,EV-0116,2026-09-07,matched,easy,PIP-A1-1105-ERC,PIP-A1-1105-ERC,,,,finer,high,auto_apply,granularity_finer
IT-0324,test,spreadsheet,XLS-piping-spool-tracker,spreadsheets/piping_spool_erection_tracker.xlsx,sheet=Spool Tracker;row=23,2026-09-07,piping,W-1105 | 1105-SP-06 | 07.09.2026 | Erected,progress,2026-09-07,EV-0116,2026-09-07,matched,medium,PIP-A1-1105-ERC,PIP-A1-1105-ERC,,,,finer,high,auto_apply,abbreviation;granularity_finer
IT-0325,test,spreadsheet,XLS-piping-spool-tracker,spreadsheets/piping_spool_erection_tracker.xlsx,sheet=Spool Tracker;row=24,2026-09-07,piping,P-1203 | 1203-SP-01 | 2026-09-07 | Done,progress,2026-09-07,EV-0119,2026-09-07,matched,medium,PIP-A3-1203-ERC,PIP-A3-1203-ERC,,,,finer,high,auto_apply,abbreviation;granularity_finer
IT-0326,test,spreadsheet,XLS-piping-spool-tracker,spreadsheets/piping_spool_erection_tracker.xlsx,sheet=Spool Tracker;row=25,2026-09-07,piping,1211 | 1211-SP-04 | 2026-09-07 | Erected,progress,2026-09-07,EV-0120,2026-09-07,matched,medium,PIP-A3-1211-ERC,PIP-A3-1211-ERC,,,,finer,high,auto_apply,abbreviation;duplicate_cross_source;granularity_finer
IT-0327,dev,spreadsheet,XLS-piping-spool-tracker,spreadsheets/piping_spool_erection_tracker.xlsx,sheet=Spool Tracker;row=26,2026-09-08,piping,L1207 | 1207-SP-01 | 2026-09-08 | Done,progress,2026-09-08,EV-0139,2026-09-08,matched,medium,PIP-A3-1207-ERC,PIP-A3-1207-ERC,,,,finer,high,auto_apply,abbreviation;granularity_finer
IT-0328,dev,spreadsheet,XLS-piping-spool-tracker,spreadsheets/piping_spool_erection_tracker.xlsx,sheet=Spool Tracker;row=27,2026-09-08,piping,"24""-P-1209-A1A | 1209-SP-01 | 8-Sep | Done",progress,2026-09-08,,,unmatched,na,,,unknown_reference,,,finer,low,unmatched,granularity_finer;unknown_reference
IT-0329,dev,spreadsheet,XLS-piping-spool-tracker,spreadsheets/piping_spool_erection_tracker.xlsx,sheet=Spool Tracker;row=28,2026-09-08,piping,1215 | 1215-SP-05 | 2026-09-08 | Erected,progress,2026-09-08,EV-0141,2026-09-08,matched,medium,PIP-A3-1215-ERC,PIP-A3-1215-ERC,,,,finer,high,auto_apply,abbreviation;duplicate_cross_source;granularity_finer
IT-0330,dev,spreadsheet,XLS-piping-spool-tracker,spreadsheets/piping_spool_erection_tracker.xlsx,sheet=Spool Tracker;row=29,2026-09-09,piping,"10""-W-1405-A1A | 1405-SP-04 | 2026-09-09 | ✓",progress,2026-09-09,EV-0144,2026-09-08,matched,hard,PIP-A4-1405-ERC,PIP-A4-1405-ERC,,,,finer,medium,review,conflicting_date;duplicate_cross_source;granularity_finer
IT-0331,test,spreadsheet,XLS-piping-spool-tracker,spreadsheets/piping_spool_erection_tracker.xlsx,sheet=Spool Tracker;row=30,2026-09-09,piping,"24""-P-1203-A1A | 1203-SP-02 | 09/09/26 | ✓",progress,2026-09-09,EV-0164,2026-09-09,matched,easy,PIP-A3-1203-ERC,PIP-A3-1203-ERC,,,,finer,high,auto_apply,duplicate_cross_source;granularity_finer
IT-0332,test,spreadsheet,XLS-piping-spool-tracker,spreadsheets/piping_spool_erection_tracker.xlsx,sheet=Spool Tracker;row=31,2026-09-10,piping,L1203 | 1203-SP-03 | 2026-09-10 | Erected,progress,2026-09-10,EV-0164,2026-09-09,matched,hard,PIP-A3-1203-ERC,PIP-A3-1203-ERC,,,,finer,medium,review,abbreviation;conflicting_date;duplicate_cross_source;granularity_finer
IT-0333,test,spreadsheet,XLS-piping-spool-tracker,spreadsheets/piping_spool_erection_tracker.xlsx,sheet=Spool Tracker;row=32,2026-09-09,piping,"10""-W-1405-A1A | 1405-SP-05 | 09/09/26 | ✓",progress,2026-09-09,EV-0167,2026-09-09,matched,easy,PIP-A4-1405-ERC,PIP-A4-1405-ERC,,,,finer,high,auto_apply,duplicate_cross_source;granularity_finer
IT-0334,dev,spreadsheet,XLS-piping-spool-tracker,spreadsheets/piping_spool_erection_tracker.xlsx,sheet=Spool Tracker;row=33,2026-09-10,piping,1207 | 1207-SP-02 | 2026-09-10 | Erected,progress,2026-09-10,EV-0179,2026-09-10,matched,medium,PIP-A3-1207-ERC,PIP-A3-1207-ERC,,,,finer,high,auto_apply,abbreviation;granularity_finer
IT-0335,dev,spreadsheet,XLS-piping-spool-tracker,spreadsheets/piping_spool_erection_tracker.xlsx,sheet=Spool Tracker;row=34,2026-09-10,piping,L1213 | 1213-SP-01 | 2026-09-10 | erected,progress,2026-09-10,EV-0182,2026-09-10,matched,medium,PIP-A3-1213-ERC,PIP-A3-1213-ERC,,,,finer,high,auto_apply,abbreviation;granularity_finer
IT-0336,dev,spreadsheet,XLS-piping-spool-tracker,spreadsheets/piping_spool_erection_tracker.xlsx,sheet=Spool Tracker;row=35,2026-09-10,piping,L1213 | 1213-SP-02 | 2026-09-10 | Erected,progress,2026-09-10,EV-0182,2026-09-10,matched,medium,PIP-A3-1213-ERC,PIP-A3-1213-ERC,,,,finer,high,auto_apply,abbreviation;granularity_finer
IT-0337,dev,spreadsheet,XLS-piping-spool-tracker,spreadsheets/piping_spool_erection_tracker.xlsx,sheet=Spool Tracker;row=36,2026-09-11,piping,W-1405 | 1405-SP-06 | 2026-09-11 | Erected,progress,2026-09-11,EV-0185,2026-09-10,matched,hard,PIP-A4-1405-ERC,PIP-A4-1405-ERC,,,,finer,medium,review,abbreviation;conflicting_date;duplicate_cross_source;granularity_finer
IT-0338,dev,spreadsheet,XLS-piping-spool-tracker,spreadsheets/piping_spool_erection_tracker.xlsx,sheet=Spool Tracker;row=37,2026-09-12,piping,1209 | 1209-SP-02 | 12/09/26 | ✓,progress,2026-09-12,,,unmatched,na,,,unknown_reference,,,finer,low,unmatched,granularity_finer;unknown_reference
IT-0339,test,spreadsheet,XLS-piping-spool-tracker,spreadsheets/piping_spool_erection_tracker.xlsx,sheet=Spool Tracker;row=38,2026-09-14,piping,P-1104 | 1104-SP-01 | 2026-09-14 | Erected,progress,2026-09-14,EV-0237,2026-09-14,matched,medium,PIP-A1-1104-ERC,PIP-A1-1104-ERC,,,,finer,high,auto_apply,abbreviation;granularity_finer
IT-0340,test,spreadsheet,XLS-piping-spool-tracker,spreadsheets/piping_spool_erection_tracker.xlsx,sheet=Spool Tracker;row=39,2026-09-14,piping,P-1203 | 1203-SP-04 | 2026-09-14 | Erected,progress,2026-09-14,EV-0239,2026-09-14,matched,medium,PIP-A3-1203-ERC,PIP-A3-1203-ERC,,,,finer,high,auto_apply,abbreviation;duplicate_cross_source;granularity_finer
IT-0341,test,spreadsheet,XLS-piping-spool-tracker,spreadsheets/piping_spool_erection_tracker.xlsx,sheet=Spool Tracker;row=40,2026-09-14,piping,"24""-P-1203-A1A | 1203-SP-05 | 2026-09-14 | Erected",progress,2026-09-14,EV-0239,2026-09-14,matched,easy,PIP-A3-1203-ERC,PIP-A3-1203-ERC,,,,finer,high,auto_apply,duplicate_cross_source;granularity_finer
IT-0342,test,spreadsheet,XLS-piping-spool-tracker,spreadsheets/piping_spool_erection_tracker.xlsx,sheet=Spool Tracker;row=41,2026-09-14,piping,1207 | 1207-SP-03 | 14.09.2026 | ✓,progress,2026-09-14,EV-0240,2026-09-14,matched,medium,PIP-A3-1207-ERC,PIP-A3-1207-ERC,,,,finer,high,auto_apply,abbreviation;duplicate_cross_source;granularity_finer
IT-0343,test,spreadsheet,XLS-piping-spool-tracker,spreadsheets/piping_spool_erection_tracker.xlsx,sheet=Spool Tracker;row=42,2026-09-14,piping,"16""-P-1207-A1A | 1207-SP-04 | 2026-09-14 | Erected",progress,2026-09-14,EV-0240,2026-09-14,matched,easy,PIP-A3-1207-ERC,PIP-A3-1207-ERC,,,,finer,high,auto_apply,duplicate_cross_source;granularity_finer
IT-0344,test,spreadsheet,XLS-piping-spool-tracker,spreadsheets/piping_spool_erection_tracker.xlsx,sheet=Spool Tracker;row=43,2026-09-14,piping,"12""-P-1213-A1A | 1213-SP-03 | 2026-09-14 | Erected",progress,2026-09-14,EV-0241,2026-09-14,matched,easy,PIP-A3-1213-ERC,PIP-A3-1213-ERC,,,,finer,high,auto_apply,duplicate_cross_source;granularity_finer
IT-0345,test,spreadsheet,XLS-piping-spool-tracker,spreadsheets/piping_spool_erection_tracker.xlsx,sheet=Spool Tracker;row=44,2026-09-15,piping,"12""-P-1213-A1A | 1213-SP-04 | 15.09.2026 | Done",progress,2026-09-15,EV-0241,2026-09-14,matched,hard,PIP-A3-1213-ERC,PIP-A3-1213-ERC,,,,finer,medium,review,conflicting_date;duplicate_cross_source;granularity_finer
IT-0346,test,spreadsheet,XLS-piping-spool-tracker,spreadsheets/piping_spool_erection_tracker.xlsx,sheet=Spool Tracker;row=45,2026-09-14,piping,1403 | 1403-SP-01 | 2026-09-14 | Done,progress,2026-09-14,EV-0245,2026-09-14,matched,medium,PIP-A4-1403-ERC,PIP-A4-1403-ERC,,,,finer,high,auto_apply,abbreviation;granularity_finer
IT-0347,test,spreadsheet,XLS-piping-spool-tracker,spreadsheets/piping_spool_erection_tracker.xlsx,sheet=Spool Tracker;row=46,2026-09-15,piping,"16""-P-1403-A1A | 1403-SP-02 | 2026-09-15 | Done",progress,2026-09-15,EV-0245,2026-09-14,matched,hard,PIP-A4-1403-ERC,PIP-A4-1403-ERC,,,,finer,medium,review,conflicting_date;granularity_finer
IT-0348,dev,spreadsheet,XLS-piping-spool-tracker,spreadsheets/piping_spool_erection_tracker.xlsx,sheet=Spool Tracker;row=47,2026-09-15,piping,"8""-P-1104-A1A | 1104-SP-02 | 2026-09-15 | Erected",progress,2026-09-15,EV-0262,2026-09-15,matched,easy,PIP-A1-1104-ERC,PIP-A1-1104-ERC,,,,finer,high,auto_apply,granularity_finer
IT-0349,dev,spreadsheet,XLS-piping-spool-tracker,spreadsheets/piping_spool_erection_tracker.xlsx,sheet=Spool Tracker;row=48,2026-09-15,piping,W-1215 | 1215-SP-06 | 2026-09-15 | Done,progress,2026-09-15,EV-0265,2026-09-15,matched,medium,PIP-A3-1215-ERC,PIP-A3-1215-ERC,,,,finer,high,auto_apply,abbreviation;granularity_finer
IT-0350,dev,spreadsheet,XLS-piping-spool-tracker,spreadsheets/piping_spool_erection_tracker.xlsx,sheet=Spool Tracker;row=49,2026-09-16,piping,L1405 | 1405-SP-07 | 16.09.2026 | Done,progress,2026-09-16,EV-0266,2026-09-15,matched,hard,PIP-A4-1405-ERC,PIP-A4-1405-ERC,,,,finer,medium,review,abbreviation;conflicting_date;granularity_finer
IT-0351,dev,spreadsheet,XLS-piping-spool-tracker,spreadsheets/piping_spool_erection_tracker.xlsx,sheet=Spool Tracker;row=50,2026-09-15,piping,L1405 | 1405-SP-08 | 2026-09-15 | Erected,progress,2026-09-15,EV-0266,2026-09-15,matched,medium,PIP-A4-1405-ERC,PIP-A4-1405-ERC,,,,finer,high,auto_apply,abbreviation;granularity_finer
IT-0352,test,spreadsheet,XLS-piping-spool-tracker,spreadsheets/piping_spool_erection_tracker.xlsx,sheet=Spool Tracker;row=51,2026-09-16,piping,1101 | 1101-SP-01 | 2026-09-16 | Erected,progress,2026-09-16,EV-0288,2026-09-16,matched,medium,PIP-A1-1101-ERC,PIP-A1-1101-ERC,,,,finer,high,auto_apply,abbreviation;granularity_finer
IT-0353,test,spreadsheet,XLS-piping-spool-tracker,spreadsheets/piping_spool_erection_tracker.xlsx,sheet=Spool Tracker;row=52,2026-09-16,piping,L1101 | 1101-SP-02 | 16-Sep | Done,progress,2026-09-16,EV-0288,2026-09-16,matched,medium,PIP-A1-1101-ERC,PIP-A1-1101-ERC,,,,finer,high,auto_apply,abbreviation;granularity_finer
IT-0354,test,spreadsheet,XLS-piping-spool-tracker,spreadsheets/piping_spool_erection_tracker.xlsx,sheet=Spool Tracker;row=53,2026-09-16,piping,P-1104 | 1104-SP-03 | 2026-09-16 | ✓,progress,2026-09-16,EV-0289,2026-09-16,matched,medium,PIP-A1-1104-ERC,PIP-A1-1104-ERC,,,,finer,high,auto_apply,abbreviation;granularity_finer
IT-0355,test,spreadsheet,XLS-piping-spool-tracker,spreadsheets/piping_spool_erection_tracker.xlsx,sheet=Spool Tracker;row=54,2026-09-16,piping,"16""-P-1207-A1A | 1207-SP-05 | 2026-09-16 | Erected",progress,2026-09-16,EV-0290,2026-09-16,matched,easy,PIP-A3-1207-ERC,PIP-A3-1207-ERC,,,,finer,high,auto_apply,duplicate_cross_source;granularity_finer
IT-0356,test,spreadsheet,XLS-piping-spool-tracker,spreadsheets/piping_spool_erection_tracker.xlsx,sheet=Spool Tracker;row=55,2026-09-16,piping,"10""-W-1215-A1A | 1215-SP-07 | 2026-09-16 | Done",progress,2026-09-16,EV-0292,2026-09-16,matched,easy,PIP-A3-1215-ERC,PIP-A3-1215-ERC,,,,finer,high,auto_apply,duplicate_cross_source;granularity_finer
IT-0357,test,spreadsheet,XLS-piping-spool-tracker,spreadsheets/piping_spool_erection_tracker.xlsx,sheet=Spool Tracker;row=56,2026-09-16,piping,"10""-W-1215-A1A | 1215-SP-08 | 2026-09-16 | Erected",progress,2026-09-16,EV-0292,2026-09-16,matched,easy,PIP-A3-1215-ERC,PIP-A3-1215-ERC,,,,finer,high,auto_apply,duplicate_cross_source;granularity_finer
IT-0358,dev,spreadsheet,XLS-electrical-cable-log,spreadsheets/electrical_cable_log.xlsx,sheet=Cable Log;row=2;field=pull,2026-09-01,electrical,C-MCC1-001 | MCC-1 | 125 | Yes | 2026-09-01,progress,2026-09-01,EV-0003,2026-09-01,matched,medium,ELE-A2-CMCC1-CBL,ELE-A2-CMCC1-CBL,,,,finer,high,auto_apply,granularity_finer
IT-0359,test,spreadsheet,XLS-electrical-cable-log,spreadsheets/electrical_cable_log.xlsx,sheet=Cable Log;row=2;field=termination,2026-09-07,electrical,C-MCC1-001 | ✓ | 2026-09-07,progress,2026-09-07,EV-0108,2026-09-07,matched,medium,ELE-A2-CMCC1-TRM,ELE-A2-CMCC1-TRM,,,,finer,high,auto_apply,duplicate_cross_source;granularity_finer
IT-0360,dev,spreadsheet,XLS-electrical-cable-log,spreadsheets/electrical_cable_log.xlsx,sheet=Cable Log;row=3;field=pull,2026-09-01,electrical,C-MCC1-002 | MCC-1 | 85 | ✓ | 2026-09-01,progress,2026-09-01,EV-0003,2026-09-01,matched,medium,ELE-A2-CMCC1-CBL,ELE-A2-CMCC1-CBL,,,,finer,high,auto_apply,granularity_finer
IT-0361,test,spreadsheet,XLS-electrical-cable-log,spreadsheets/electrical_cable_log.xlsx,sheet=Cable Log;row=3;field=termination,2026-09-07,electrical,C-MCC1-002 | Y | 2026-09-07,progress,2026-09-07,EV-0108,2026-09-07,matched,medium,ELE-A2-CMCC1-TRM,ELE-A2-CMCC1-TRM,,,,finer,high,auto_apply,duplicate_cross_source;granularity_finer
IT-0362,test,spreadsheet,XLS-electrical-cable-log,spreadsheets/electrical_cable_log.xlsx,sheet=Cable Log;row=4;field=pull,2026-09-02,electrical,C-MCC1-003 | MCC-1 | 155 | Y | 2026-09-02,progress,2026-09-02,EV-0024,2026-09-02,matched,medium,ELE-A2-CMCC1-CBL,ELE-A2-CMCC1-CBL,,,,finer,high,auto_apply,granularity_finer
IT-0363,test,spreadsheet,XLS-electrical-cable-log,spreadsheets/electrical_cable_log.xlsx,sheet=Cable Log;row=4;field=termination,2026-09-07,electrical,C-MCC1-003 | ✓ | 2026-09-07,progress,2026-09-07,EV-0108,2026-09-07,matched,medium,ELE-A2-CMCC1-TRM,ELE-A2-CMCC1-TRM,,,,finer,high,auto_apply,duplicate_cross_source;granularity_finer
IT-0364,test,spreadsheet,XLS-electrical-cable-log,spreadsheets/electrical_cable_log.xlsx,sheet=Cable Log;row=5;field=pull,2026-09-02,electrical,C-MCC1-004 | MCC-1 | 100 | Yes | 2026-09-02,progress,2026-09-02,EV-0024,2026-09-02,matched,medium,ELE-A2-CMCC1-CBL,ELE-A2-CMCC1-CBL,,,,finer,high,auto_apply,granularity_finer
IT-0365,dev,spreadsheet,XLS-electrical-cable-log,spreadsheets/electrical_cable_log.xlsx,sheet=Cable Log;row=5;field=termination,2026-09-08,electrical,C-MCC1-004 | ✓ | 2026-09-08,progress,2026-09-08,EV-0135,2026-09-08,matched,medium,ELE-A2-CMCC1-TRM,ELE-A2-CMCC1-TRM,,,,finer,high,auto_apply,duplicate_cross_source;granularity_finer
IT-0366,dev,spreadsheet,XLS-electrical-cable-log,spreadsheets/electrical_cable_log.xlsx,sheet=Cable Log;row=6;field=pull,2026-09-03,electrical,C-MCC1-005 | MCC-1 | 35 | Y | 2026-09-03,progress,2026-09-03,EV-0043,2026-09-03,matched,medium,ELE-A2-CMCC1-CBL,ELE-A2-CMCC1-CBL,,,,finer,high,auto_apply,duplicate_cross_source;granularity_finer
IT-0367,test,spreadsheet,XLS-electrical-cable-log,spreadsheets/electrical_cable_log.xlsx,sheet=Cable Log;row=6;field=termination,2026-09-09,electrical,C-MCC1-005 | Y | 2026-09-09,progress,2026-09-09,EV-0155,2026-09-09,matched,medium,ELE-A2-CMCC1-TRM,ELE-A2-CMCC1-TRM,,,,finer,high,auto_apply,duplicate_cross_source;granularity_finer
IT-0368,dev,spreadsheet,XLS-electrical-cable-log,spreadsheets/electrical_cable_log.xlsx,sheet=Cable Log;row=7;field=pull,2026-09-03,electrical,C-MCC1-006 | MCC-1 | 80 | done | 03/09/26,progress,2026-09-03,EV-0043,2026-09-03,matched,medium,ELE-A2-CMCC1-CBL,ELE-A2-CMCC1-CBL,,,,finer,high,auto_apply,duplicate_cross_source;granularity_finer
IT-0369,test,spreadsheet,XLS-electrical-cable-log,spreadsheets/electrical_cable_log.xlsx,sheet=Cable Log;row=7;field=termination,2026-09-09,electrical,C-MCC1-006 | Y | 2026-09-09,progress,2026-09-09,EV-0155,2026-09-09,matched,medium,ELE-A2-CMCC1-TRM,ELE-A2-CMCC1-TRM,,,,finer,high,auto_apply,duplicate_cross_source;granularity_finer
IT-0370,dev,spreadsheet,XLS-electrical-cable-log,spreadsheets/electrical_cable_log.xlsx,sheet=Cable Log;row=8;field=pull,2026-09-03,electrical,C-MCC1-007 | MCC-1 | 20 | done | 2026-09-03,progress,2026-09-03,EV-0043,2026-09-03,matched,medium,ELE-A2-CMCC1-CBL,ELE-A2-CMCC1-CBL,,,,finer,high,auto_apply,duplicate_cross_source;granularity_finer
IT-0371,test,spreadsheet,XLS-electrical-cable-log,spreadsheets/electrical_cable_log.xlsx,sheet=Cable Log;row=8;field=termination,2026-09-11,electrical,C-MCC1-007 | Y | 11-Sep,progress,2026-09-11,EV-0191,2026-09-11,matched,medium,ELE-A2-CMCC1-TRM,ELE-A2-CMCC1-TRM,,,,finer,high,auto_apply,granularity_finer
IT-0372,dev,spreadsheet,XLS-electrical-cable-log,spreadsheets/electrical_cable_log.xlsx,sheet=Cable Log;row=9;field=pull,2026-09-03,electrical,C-MCC2-004 | MCC-2 | 85 | Yes | 2026-09-03,progress,2026-09-03,EV-0044,2026-09-03,matched,medium,ELE-A2-CMCC2-CBL,ELE-A2-CMCC2-CBL,,,,finer,high,auto_apply,granularity_finer
IT-0373,dev,spreadsheet,XLS-electrical-cable-log,spreadsheets/electrical_cable_log.xlsx,sheet=Cable Log;row=9;field=termination,2026-09-05,electrical,C-MCC2-004 | Y | 5-Sep,progress,2026-09-05,EV-0086,2026-09-05,matched,medium,ELE-A2-CMCC2-TRM,ELE-A2-CMCC2-TRM,,,,finer,high,auto_apply,duplicate_cross_source;granularity_finer
IT-0374,test,spreadsheet,XLS-electrical-cable-log,spreadsheets/electrical_cable_log.xlsx,sheet=Cable Log;row=10;field=pull,2026-09-04,electrical,C-MCC1-008 | MCC-1 | 155 | done | 4-Sep,progress,2026-09-04,EV-0064,2026-09-04,matched,medium,ELE-A2-CMCC1-CBL,ELE-A2-CMCC1-CBL,,,,finer,high,auto_apply,duplicate_cross_source;granularity_finer
IT-0375,test,spreadsheet,XLS-electrical-cable-log,spreadsheets/electrical_cable_log.xlsx,sheet=Cable Log;row=10;field=termination,2026-09-16,electrical,C-MCC1-008 | Y | 2026-09-16,progress,2026-09-16,EV-0277,2026-09-16,matched,medium,ELE-A2-CMCC1-TRM,ELE-A2-CMCC1-TRM,,,,finer,high,auto_apply,duplicate_cross_source;granularity_finer
IT-0376,dev,spreadsheet,XLS-electrical-cable-log,spreadsheets/electrical_cable_log.xlsx,sheet=Cable Log;row=11;field=pull,2026-09-05,electrical,C-MCC2-005 | MCC-2 | 150 | done | 2026-09-05,progress,2026-09-05,EV-0085,2026-09-05,matched,medium,ELE-A2-CMCC2-CBL,ELE-A2-CMCC2-CBL,,,,finer,high,auto_apply,granularity_finer
IT-0377,dev,spreadsheet,XLS-electrical-cable-log,spreadsheets/electrical_cable_log.xlsx,sheet=Cable Log;row=11;field=termination,2026-09-10,electrical,C-MCC2-005 | ✓ | 2026-09-10,progress,2026-09-10,EV-0170,2026-09-10,matched,medium,ELE-A2-CMCC2-TRM,ELE-A2-CMCC2-TRM,,,,finer,high,auto_apply,duplicate_cross_source;granularity_finer
IT-0378,dev,spreadsheet,XLS-electrical-cable-log,spreadsheets/electrical_cable_log.xlsx,sheet=Cable Log;row=12;field=pull,2026-09-05,electrical,C-MCC2-006 | MCC-2 | 125 | ✓ | 2026-09-05,progress,2026-09-05,EV-0085,2026-09-05,matched,medium,ELE-A2-CMCC2-CBL,ELE-A2-CMCC2-CBL,,,,finer,high,auto_apply,granularity_finer
IT-0379,dev,spreadsheet,XLS-electrical-cable-log,spreadsheets/electrical_cable_log.xlsx,sheet=Cable Log;row=12;field=termination,2026-09-10,electrical,C-MCC2-006 | ✓ | 2026-09-10,progress,2026-09-10,EV-0170,2026-09-10,matched,medium,ELE-A2-CMCC2-TRM,ELE-A2-CMCC2-TRM,,,,finer,high,auto_apply,duplicate_cross_source;granularity_finer
IT-0380,dev,spreadsheet,XLS-electrical-cable-log,spreadsheets/electrical_cable_log.xlsx,sheet=Cable Log;row=13;field=pull,2026-09-05,electrical,C-MCC2-007 | MCC-2 | 140 | Y | 2026-09-05,progress,2026-09-05,EV-0085,2026-09-05,matched,medium,ELE-A2-CMCC2-CBL,ELE-A2-CMCC2-CBL,,,,finer,high,auto_apply,granularity_finer
IT-0381,dev,spreadsheet,XLS-electrical-cable-log,spreadsheets/electrical_cable_log.xlsx,sheet=Cable Log;row=13;field=termination,2026-09-10,electrical,C-MCC2-007 | Y | 2026-09-10,progress,2026-09-10,EV-0170,2026-09-10,matched,medium,ELE-A2-CMCC2-TRM,ELE-A2-CMCC2-TRM,,,,finer,high,auto_apply,duplicate_cross_source;granularity_finer
IT-0382,dev,spreadsheet,XLS-electrical-cable-log,spreadsheets/electrical_cable_log.xlsx,sheet=Cable Log;row=14;field=pull,2026-09-08,electrical,C-MCC2-008 | MCC-2 | 30 | Yes | 2026-09-08,progress,2026-09-08,EV-0136,2026-09-08,matched,medium,ELE-A2-CMCC2-CBL,ELE-A2-CMCC2-CBL,,,,finer,high,auto_apply,duplicate_cross_source;granularity_finer
IT-0383,test,spreadsheet,XLS-electrical-cable-log,spreadsheets/electrical_cable_log.xlsx,sheet=Cable Log;row=14;field=termination,2026-09-14,electrical,C-MCC2-008 | Y | 2026-09-14,progress,2026-09-14,EV-0229,2026-09-14,matched,medium,ELE-A2-CMCC2-TRM,ELE-A2-CMCC2-TRM,,,,finer,high,auto_apply,duplicate_cross_source;granularity_finer
IT-0384,dev,spreadsheet,XLS-electrical-cable-log,spreadsheets/electrical_cable_log.xlsx,sheet=Cable Log;row=15;field=pull,2026-09-08,electrical,C-MCC2-009 | MCC-2 | 90 | ✓ | 2026-09-08,progress,2026-09-08,EV-0136,2026-09-08,matched,medium,ELE-A2-CMCC2-CBL,ELE-A2-CMCC2-CBL,,,,finer,high,auto_apply,duplicate_cross_source;granularity_finer
IT-0385,dev,spreadsheet,XLS-electrical-cable-log,spreadsheets/electrical_cable_log.xlsx,sheet=Cable Log;row=15;field=termination,2026-09-15,electrical,C-MCC2-009 | Y | 2026-09-15,progress,2026-09-15,EV-0252,2026-09-15,matched,medium,ELE-A2-CMCC2-TRM,ELE-A2-CMCC2-TRM,,,,finer,high,auto_apply,duplicate_cross_source;granularity_finer
IT-0386,test,spreadsheet,XLS-electrical-cable-log,spreadsheets/electrical_cable_log.xlsx,sheet=Cable Log;row=16;field=pull,2026-09-09,electrical,C-LVA1-001 | PCC-1 | 65 | done | 2026-09-09,progress,2026-09-09,EV-0152,2026-09-09,matched,medium,ELE-A1-CLVA1-CBL,ELE-A1-CLVA1-CBL,,,,finer,high,auto_apply,granularity_finer
IT-0387,test,spreadsheet,XLS-electrical-cable-log,spreadsheets/electrical_cable_log.xlsx,sheet=Cable Log;row=16;field=termination,2026-09-16,electrical,C-LVA1-001 | Y | 2026-09-16,progress,2026-09-16,EV-0273,2026-09-16,matched,medium,ELE-A1-CLVA1-TRM,ELE-A1-CLVA1-TRM,,,,finer,high,auto_apply,granularity_finer
IT-0388,test,spreadsheet,XLS-electrical-cable-log,spreadsheets/electrical_cable_log.xlsx,sheet=Cable Log;row=17;field=pull,2026-09-09,electrical,C-LVA3-001 | PCC-1 | 30 | Y | 09.09.2026,progress,2026-09-09,EV-0159,2026-09-09,matched,medium,ELE-A3-CLVA3-CBL,ELE-A3-CLVA3-CBL,,,,finer,high,auto_apply,granularity_finer
IT-0389,dev,spreadsheet,XLS-electrical-cable-log,spreadsheets/electrical_cable_log.xlsx,sheet=Cable Log;row=17;field=termination,2026-09-15,electrical,C-LVA3-001 | Y | 2026-09-15,progress,2026-09-15,EV-0256,2026-09-15,matched,medium,ELE-A3-CLVA3-TRM,ELE-A3-CLVA3-TRM,,,,finer,high,auto_apply,granularity_finer
IT-0390,test,spreadsheet,XLS-electrical-cable-log,spreadsheets/electrical_cable_log.xlsx,sheet=Cable Log;row=18;field=pull,2026-09-09,electrical,C-MCC1-009 | MCC-1 | 60 | Y | 2026-09-09,progress,2026-09-09,EV-0153,2026-09-09,matched,medium,ELE-A2-CMCC1-CBL,ELE-A2-CMCC1-CBL,,,,finer,high,auto_apply,granularity_finer
IT-0391,test,spreadsheet,XLS-electrical-cable-log,spreadsheets/electrical_cable_log.xlsx,sheet=Cable Log;row=18;field=termination,2026-09-16,electrical,C-MCC1-009 | ✓ | 2026-09-16,progress,2026-09-16,EV-0277,2026-09-16,matched,medium,ELE-A2-CMCC1-TRM,ELE-A2-CMCC1-TRM,,,,finer,high,auto_apply,duplicate_cross_source;granularity_finer
IT-0392,dev,spreadsheet,XLS-electrical-cable-log,spreadsheets/electrical_cable_log.xlsx,sheet=Cable Log;row=19;field=pull,2026-09-10,electrical,C-LVA3-002 | PCC-1 | 35 | done | 10.09.2026,progress,2026-09-10,EV-0172,2026-09-10,matched,medium,ELE-A3-CLVA3-CBL,ELE-A3-CLVA3-CBL,,,,finer,high,auto_apply,granularity_finer
IT-0393,test,spreadsheet,XLS-electrical-cable-log,spreadsheets/electrical_cable_log.xlsx,sheet=Cable Log;row=20;field=pull,2026-09-11,electrical,C-LVA1-002 | PCC-1 | 120 | Y | 2026-09-11,progress,2026-09-11,EV-0190,2026-09-11,matched,medium,ELE-A1-CLVA1-CBL,ELE-A1-CLVA1-CBL,,,,finer,high,auto_apply,granularity_finer
IT-0394,test,spreadsheet,XLS-electrical-cable-log,spreadsheets/electrical_cable_log.xlsx,sheet=Cable Log;row=20;field=termination,2026-09-16,electrical,C-LVA1-002 | Y | 2026-09-16,progress,2026-09-16,EV-0273,2026-09-16,matched,medium,ELE-A1-CLVA1-TRM,ELE-A1-CLVA1-TRM,,,,finer,high,auto_apply,granularity_finer
IT-0395,test,spreadsheet,XLS-electrical-cable-log,spreadsheets/electrical_cable_log.xlsx,sheet=Cable Log;row=21;field=pull,2026-09-11,electrical,C-LVA1-003 | PCC-1 | 135 | ✓ | 2026-09-11,progress,2026-09-11,EV-0190,2026-09-11,matched,medium,ELE-A1-CLVA1-CBL,ELE-A1-CLVA1-CBL,,,,finer,high,auto_apply,granularity_finer
IT-0396,test,spreadsheet,XLS-electrical-cable-log,spreadsheets/electrical_cable_log.xlsx,sheet=Cable Log;row=22;field=pull,2026-09-11,electrical,C-LVA4-001 | PCC-1 | 110 | ✓ | 2026-09-11,progress,2026-09-11,EV-0197,2026-09-11,matched,medium,ELE-A4-CLVA4-CBL,ELE-A4-CLVA4-CBL,,,,finer,high,auto_apply,granularity_finer
IT-0397,test,spreadsheet,XLS-electrical-cable-log,spreadsheets/electrical_cable_log.xlsx,sheet=Cable Log;row=23;field=pull,2026-09-11,electrical,C-MCC2-010 | MCC-2 | 115 | Y | 11.09.2026,progress,2026-09-11,EV-0192,2026-09-11,matched,medium,ELE-A2-CMCC2-CBL,ELE-A2-CMCC2-CBL,,,,finer,high,auto_apply,granularity_finer
IT-0398,dev,spreadsheet,XLS-electrical-cable-log,spreadsheets/electrical_cable_log.xlsx,sheet=Cable Log;row=23;field=termination,2026-09-15,electrical,C-MCC2-010 | ✓ | 15/09/26,progress,2026-09-15,EV-0252,2026-09-15,matched,medium,ELE-A2-CMCC2-TRM,ELE-A2-CMCC2-TRM,,,,finer,high,auto_apply,duplicate_cross_source;granularity_finer
IT-0399,dev,spreadsheet,XLS-electrical-cable-log,spreadsheets/electrical_cable_log.xlsx,sheet=Cable Log;row=24;field=pull,2026-09-12,electrical,C-HTTR1-001 | HT-SWBD-1 | 155 | ✓ | 2026-09-12,progress,2026-09-12,EV-0207,2026-09-12,matched,medium,ELE-A2-CHTTR1-CBL,ELE-A2-CHTTR1-CBL,,,,finer,high,auto_apply,granularity_finer
IT-0400,dev,spreadsheet,XLS-electrical-cable-log,spreadsheets/electrical_cable_log.xlsx,sheet=Cable Log;row=25;field=pull,2026-09-12,electrical,C-LVA4-002 | PCC-1 | 30 | done | 2026-09-12,progress,2026-09-12,EV-0210,2026-09-12,matched,medium,ELE-A4-CLVA4-CBL,ELE-A4-CLVA4-CBL,,,,finer,high,auto_apply,granularity_finer
IT-0401,dev,spreadsheet,XLS-electrical-cable-log,spreadsheets/electrical_cable_log.xlsx,sheet=Cable Log;row=26;field=pull,2026-09-12,electrical,C-MCC1-010 | MCC-1 | 40 | Y | 2026-09-12,progress,2026-09-12,EV-0208,2026-09-12,matched,medium,ELE-A2-CMCC1-CBL,ELE-A2-CMCC1-CBL,,,,finer,high,auto_apply,granularity_finer
IT-0402,test,spreadsheet,XLS-electrical-cable-log,spreadsheets/electrical_cable_log.xlsx,sheet=Cable Log;row=26;field=termination,2026-09-16,electrical,C-MCC1-010 | Y | 16-Sep,progress,2026-09-16,EV-0277,2026-09-16,matched,medium,ELE-A2-CMCC1-TRM,ELE-A2-CMCC1-TRM,,,,finer,high,auto_apply,duplicate_cross_source;granularity_finer
IT-0403,dev,spreadsheet,XLS-electrical-cable-log,spreadsheets/electrical_cable_log.xlsx,sheet=Cable Log;row=27;field=pull,2026-09-12,electrical,C-MCC1-011 | MCC-1 | 85 | Y | 2026-09-12,progress,2026-09-12,EV-0208,2026-09-12,matched,medium,ELE-A2-CMCC1-CBL,ELE-A2-CMCC1-CBL,,,,finer,high,auto_apply,granularity_finer
IT-0404,dev,spreadsheet,XLS-electrical-cable-log,spreadsheets/electrical_cable_log.xlsx,sheet=Cable Log;row=28;field=pull,2026-09-12,electrical,C-MCC3-002 | MCC-3 | 65 | 2026-09-12,progress,2026-09-12,,,unmatched,na,,,unknown_reference,,,finer,low,unmatched,granularity_finer;unknown_reference
IT-0405,test,spreadsheet,XLS-electrical-cable-log,spreadsheets/electrical_cable_log.xlsx,sheet=Cable Log;row=29;field=pull,2026-09-14,electrical,C-LVA1-004 | PCC-1 | 145 | Yes | 14/09/26,progress,2026-09-14,EV-0225,2026-09-14,matched,medium,ELE-A1-CLVA1-CBL,ELE-A1-CLVA1-CBL,,,,finer,high,auto_apply,granularity_finer
IT-0406,test,spreadsheet,XLS-electrical-cable-log,spreadsheets/electrical_cable_log.xlsx,sheet=Cable Log;row=30;field=pull,2026-09-14,electrical,C-LVA4-003 | PCC-1 | 145 | Y | 2026-09-14,progress,2026-09-14,EV-0230,2026-09-14,matched,medium,ELE-A4-CLVA4-CBL,ELE-A4-CLVA4-CBL,,,,finer,high,auto_apply,granularity_finer
IT-0407,test,spreadsheet,XLS-electrical-cable-log,spreadsheets/electrical_cable_log.xlsx,sheet=Cable Log;row=31;field=pull,2026-09-14,electrical,C-MCC2-011 | MCC-2 | 155 | ✓ | 2026-09-14,progress,2026-09-14,EV-0227,2026-09-14,matched,medium,ELE-A2-CMCC2-CBL,ELE-A2-CMCC2-CBL,,,,finer,high,auto_apply,granularity_finer
IT-0408,test,spreadsheet,XLS-electrical-cable-log,spreadsheets/electrical_cable_log.xlsx,sheet=Cable Log;row=32;field=pull,2026-09-14,electrical,C-MCC2-012 | MCC-2 | 125 | Yes | 14-Sep,progress,2026-09-14,EV-0227,2026-09-14,matched,medium,ELE-A2-CMCC2-CBL,ELE-A2-CMCC2-CBL,,,,finer,high,auto_apply,granularity_finer
IT-0409,test,spreadsheet,XLS-electrical-cable-log,spreadsheets/electrical_cable_log.xlsx,sheet=Cable Log;row=33;field=pull,2026-09-14,electrical,C-MCC2-013 | MCC-2 | 80 | Y | 2026-09-14,progress,2026-09-14,EV-0227,2026-09-14,matched,medium,ELE-A2-CMCC2-CBL,ELE-A2-CMCC2-CBL,,,,finer,high,auto_apply,granularity_finer
IT-0410,test,spreadsheet,XLS-electrical-cable-log,spreadsheets/electrical_cable_log.xlsx,sheet=Cable Log;row=34;field=pull,2026-09-14,electrical,C-MCC3-001 | MCC-3 | 55 | 2026-09-14,progress,2026-09-14,,,unmatched,na,,,unknown_reference,,,finer,low,unmatched,granularity_finer;unknown_reference
IT-0411,dev,spreadsheet,XLS-electrical-cable-log,spreadsheets/electrical_cable_log.xlsx,sheet=Cable Log;row=35;field=pull,2026-09-15,electrical,C-HTTR1-002 | HT-SWBD-1 | 165 | Y | 2026-09-15,progress,2026-09-15,EV-0251,2026-09-15,matched,medium,ELE-A2-CHTTR1-CBL,ELE-A2-CHTTR1-CBL,,,,finer,high,auto_apply,granularity_finer
IT-0412,dev,spreadsheet,XLS-electrical-cable-log,spreadsheets/electrical_cable_log.xlsx,sheet=Cable Log;row=36;field=pull,2026-09-15,electrical,C-LVA1-005 | PCC-1 | 140 | Y | 2026-09-15,progress,2026-09-15,EV-0250,2026-09-15,matched,medium,ELE-A1-CLVA1-CBL,ELE-A1-CLVA1-CBL,,,,finer,high,auto_apply,duplicate_cross_source;granularity_finer
IT-0413,dev,spreadsheet,XLS-electrical-cable-log,spreadsheets/electrical_cable_log.xlsx,sheet=Cable Log;row=37;field=pull,2026-09-15,electrical,C-LVA1-006 | PCC-1 | 140 | Y | 2026-09-15,progress,2026-09-15,EV-0250,2026-09-15,matched,medium,ELE-A1-CLVA1-CBL,ELE-A1-CLVA1-CBL,,,,finer,high,auto_apply,duplicate_cross_source;granularity_finer
IT-0414,dev,spreadsheet,XLS-electrical-cable-log,spreadsheets/electrical_cable_log.xlsx,sheet=Cable Log;row=38;field=pull,2026-09-15,electrical,C-LVA1-007 | PCC-1 | 100 | Yes | 15/09/26,progress,2026-09-15,EV-0250,2026-09-15,matched,medium,ELE-A1-CLVA1-CBL,ELE-A1-CLVA1-CBL,,,,finer,high,auto_apply,duplicate_cross_source;granularity_finer
IT-0415,dev,spreadsheet,XLS-electrical-cable-log,spreadsheets/electrical_cable_log.xlsx,sheet=Cable Log;row=39;field=pull,2026-09-15,electrical,C-LVA3-003 | PCC-1 | 145 | ✓ | 2026-09-15,progress,2026-09-15,EV-0253,2026-09-15,matched,medium,ELE-A3-CLVA3-CBL,ELE-A3-CLVA3-CBL,,,,finer,high,auto_apply,granularity_finer
IT-0416,dev,spreadsheet,XLS-electrical-cable-log,spreadsheets/electrical_cable_log.xlsx,sheet=Cable Log;row=40;field=pull,2026-09-15,electrical,C-LVA3-004 | PCC-1 | 85 | Y | 2026-09-15,progress,2026-09-15,EV-0253,2026-09-15,matched,medium,ELE-A3-CLVA3-CBL,ELE-A3-CLVA3-CBL,,,,finer,high,auto_apply,granularity_finer
IT-0417,dev,spreadsheet,XLS-electrical-cable-log,spreadsheets/electrical_cable_log.xlsx,sheet=Cable Log;row=41;field=pull,2026-09-15,electrical,C-LVA4-004 | PCC-1 | 135 | done | 2026-09-15,progress,2026-09-15,EV-0257,2026-09-15,matched,medium,ELE-A4-CLVA4-CBL,ELE-A4-CLVA4-CBL,,,,finer,high,auto_apply,duplicate_cross_source;granularity_finer
IT-0418,dev,spreadsheet,XLS-electrical-cable-log,spreadsheets/electrical_cable_log.xlsx,sheet=Cable Log;row=42;field=pull,2026-09-15,electrical,C-LVA4-005 | PCC-1 | 60 | ✓ | 2026-09-15,progress,2026-09-15,EV-0257,2026-09-15,matched,medium,ELE-A4-CLVA4-CBL,ELE-A4-CLVA4-CBL,,,,finer,high,auto_apply,duplicate_cross_source;granularity_finer
IT-0419,test,spreadsheet,XLS-electrical-cable-log,spreadsheets/electrical_cable_log.xlsx,sheet=Cable Log;row=43;field=pull,2026-09-16,electrical,C-HTTR2-001 | HT-SWBD-1 | 185 | Yes | 2026-09-16,progress,2026-09-16,EV-0275,2026-09-16,matched,medium,ELE-A2-CHTTR2-CBL,ELE-A2-CHTTR2-CBL,,,,finer,high,auto_apply,granularity_finer
IT-0420,test,spreadsheet,XLS-electrical-cable-log,spreadsheets/electrical_cable_log.xlsx,sheet=Cable Log;row=44;field=pull,2026-09-16,electrical,C-MCC1-012 | MCC-1 | 55 | ✓ | 16.09.2026,progress,2026-09-16,EV-0276,2026-09-16,matched,medium,ELE-A2-CMCC1-CBL,ELE-A2-CMCC1-CBL,,,,finer,high,auto_apply,duplicate_cross_source;granularity_finer
IT-0421,test,spreadsheet,XLS-electrical-cable-log,spreadsheets/electrical_cable_log.xlsx,sheet=Cable Log;row=45;field=pull,2026-09-16,electrical,C-MCC1-013 | MCC-1 | 40 | Yes | 16-Sep,progress,2026-09-16,EV-0276,2026-09-16,matched,medium,ELE-A2-CMCC1-CBL,ELE-A2-CMCC1-CBL,,,,finer,high,auto_apply,duplicate_cross_source;granularity_finer
IT-0422,test,spreadsheet,XLS-electrical-cable-log,spreadsheets/electrical_cable_log.xlsx,sheet=Cable Log;row=46;field=pull,2026-09-16,electrical,C-MCC1-014 | MCC-1 | 30 | ✓ | 2026-09-16,progress,2026-09-16,EV-0276,2026-09-16,matched,medium,ELE-A2-CMCC1-CBL,ELE-A2-CMCC1-CBL,,,,finer,high,auto_apply,duplicate_cross_source;granularity_finer
IT-0423,dev,spreadsheet,XLS-instrument-register,spreadsheets/instrument_installation_register.xlsx,sheet=Register;row=3;field=install,2026-09-01,instrumentation,PT-1104 | 2026-09-01,finish,2026-09-01,EV-0007,2026-09-01,matched,easy,INS-A1-PT1104-INS,INS-A1-PT1104-INS,,,,same,high,auto_apply,duplicate_cross_source
IT-0424,test,spreadsheet,XLS-instrument-register,spreadsheets/instrument_installation_register.xlsx,sheet=Register;row=3;field=tubing,2026-09-09,instrumentation,PT-1104 | 9-Sep,finish,2026-09-09,EV-0163,2026-09-09,matched,easy,INS-A1-PT1104-TUB,INS-A1-PT1104-TUB,,,,same,high,auto_apply,duplicate_cross_source
IT-0425,dev,spreadsheet,XLS-instrument-register,spreadsheets/instrument_installation_register.xlsx,sheet=Register;row=4;field=install,2026-09-01,instrumentation,LT4011 | 2026-09-01,finish,2026-09-01,EV-0010,2026-09-01,matched,medium,INS-A4-LT4011-INS,INS-A4-LT4011-INS,,,,same,high,auto_apply,abbreviation;duplicate_cross_source
IT-0426,test,spreadsheet,XLS-instrument-register,spreadsheets/instrument_installation_register.xlsx,sheet=Register;row=4;field=tubing,2026-09-07,instrumentation,LT4011 | 2026-09-07,finish,2026-09-07,EV-0115,2026-09-07,matched,medium,INS-A4-LT4011-TUB,INS-A4-LT4011-TUB,,,,same,high,auto_apply,abbreviation;duplicate_cross_source
IT-0427,dev,spreadsheet,XLS-instrument-register,spreadsheets/instrument_installation_register.xlsx,sheet=Register;row=5;field=install,2026-09-05,instrumentation,FT-2035 | 2026-09-05,finish,2026-09-05,,,unmatched,na,,,unknown_reference,,,same,low,unmatched,unknown_reference
IT-0428,test,spreadsheet,XLS-instrument-register,spreadsheets/instrument_installation_register.xlsx,sheet=Register;row=6;field=install,2026-09-07,instrumentation,TT-1105 | 2026-09-07,finish,2026-09-07,EV-0112,2026-09-07,matched,easy,INS-A1-TT1105-INS,INS-A1-TT1105-INS,,,,same,high,auto_apply,
IT-0429,dev,spreadsheet,XLS-instrument-register,spreadsheets/instrument_installation_register.xlsx,sheet=Register;row=7;field=install,2026-09-12,instrumentation,FT 1101 | 2026-09-12,finish,2026-09-12,EV-0213,2026-09-12,matched,medium,INS-A1-FT1101-INS,INS-A1-FT1101-INS,,,,same,high,auto_apply,abbreviation;duplicate_cross_source
IT-0430,test,spreadsheet,XLS-instrument-register,spreadsheets/instrument_installation_register.xlsx,sheet=Register;row=7;field=tubing,2026-09-16,instrumentation,FT 1101 | 2026-09-16,finish,2026-09-16,EV-0282,2026-09-16,matched,medium,INS-A1-FT1101-TUB,INS-A1-FT1101-TUB,,,,same,high,auto_apply,abbreviation;duplicate_cross_source
IT-0431,dev,spreadsheet,XLS-instrument-register,spreadsheets/instrument_installation_register.xlsx,sheet=Register;row=8;field=install,2026-09-12,instrumentation,PT-1102 | 12-Sep,finish,2026-09-12,EV-0215,2026-09-12,matched,easy,INS-A1-PT1102-INS,INS-A1-PT1102-INS,,,,same,high,auto_apply,duplicate_cross_source
IT-0432,test,spreadsheet,XLS-instrument-register,spreadsheets/instrument_installation_register.xlsx,sheet=Register;row=9;field=install,2026-09-16,instrumentation,PT2042 | 16-Sep,finish,2026-09-16,EV-0284,2026-09-16,matched,medium,INS-A3-PT2042-INS,INS-A3-PT2042-INS,,,,same,high,auto_apply,abbreviation;duplicate_cross_source
IT-0433,test,spreadsheet,XLS-instrument-register,spreadsheets/instrument_installation_register.xlsx,sheet=Register;row=10;field=install,2026-09-16,instrumentation,TT-4013 | 16-Sep,finish,2026-09-16,EV-0286,2026-09-16,matched,easy,INS-A4-TT4013-INS,INS-A4-TT4013-INS,,,,same,high,auto_apply,duplicate_cross_source
